url,low_price,image,name,normal_price
https://tienda.plazavea.com.pe/televisor-samsung-led-50-uhd-smart-tv-un50nu7090gxpe/p,"S/ 1,299.00",https://plazavea.vteximg.com.br/arquivos/ids/202667-220-220/20149566.jpg?v=636731315706130000,"Televisor SAMSUNG LED 50"" UHD Smart TV UN50NU7090GXPE","S/ 1,999.00"
https://tienda.plazavea.com.pe/televisor-samsung-led-49-fhd-smart-tv-49j5290agxpe/p,"S/ 1,099.00",https://plazavea.vteximg.com.br/arquivos/ids/202661-220-220/20146272.jpg?v=636731315677170000,"Televisor SAMSUNG LED 49"" FHD Smart TV 49J5290AGXPE","S/ 1,799.00"
https://tienda.plazavea.com.pe/televisor-lg-led-49-fhd-smart-tv-49lk5700/p,"S/ 1,499.00",https://plazavea.vteximg.com.br/arquivos/ids/199520-220-220/20145551.jpg?v=636664101830600000,"Televisor LG LED 49"" FHD Smart TV 49LK5700","S/ 1,699.00"
https://tienda.plazavea.com.pe/televisor-lg-led-43-fhd-smart-tv-43lk5700/p,S/ 999.00,https://plazavea.vteximg.com.br/arquivos/ids/199517-220-220/20145545.jpg?v=636664101818870000,"Televisor LG LED 43"" FHD Smart TV 43LK5700","S/ 1,499.00"
https://tienda.plazavea.com.pe/televisor-orange-led-49-fhd-smart-tv-lq49facs/p,S/ 899.00,https://plazavea.vteximg.com.br/arquivos/ids/189835-220-220/20111550.jpg?v=636318536417170000,"Televisor ORANGE LED 49"" FHD Smart TV LQ49FACS","S/ 1,399.00"
https://tienda.plazavea.com.pe/televisor-samsung-led-43-uhd-4k-smart-tvun43nu7090gxpe/p,"S/ 1,199.00",https://plazavea.vteximg.com.br/arquivos/ids/202669-220-220/20150723.jpg?v=636731315716100000,"Televisor SAMSUNG LED 43"" UHD 4K Smart TVUN43NU7090GXPE","S/ 1,599.00"
https://tienda.plazavea.com.pe/televisor-lg-led-32-hd-smart-tv-32lk540bpsa/p,S/ 699.00,https://plazavea.vteximg.com.br/arquivos/ids/202888-220-220/20148269.jpg?v=636737426185400000,"Televisor LG LED 32"" HD Smart TV 32LK540BPSA","S/ 1,399.00"
https://tienda.plazavea.com.pe/televisor-samsung-led-40-fhd-smart-tv-40j5290agxpe/p,S/ 999.00,https://plazavea.vteximg.com.br/arquivos/ids/202662-220-220/20146276.jpg?v=636731315682430000,"Televisor SAMSUNG LED 40"" FHD Smart TV 40J5290AGXPE","S/ 1,499.00"
https://tienda.plazavea.com.pe/televisor-lg-led-50-uhd-4k-smart-tv-50uk6300/p,"S/ 1,349.00",https://plazavea.vteximg.com.br/arquivos/ids/199532-220-220/20145550.jpg?v=636664101875770000,"Televisor LG LED 50"" UHD 4K Smart TV 50UK6300","S/ 2,099.00"
https://tienda.plazavea.com.pe/televisor-samsung-led-65-uhd-smart-tv-65nu7090/p,"S/ 2,199.00",https://plazavea.vteximg.com.br/arquivos/ids/206585-220-220/20151281.jpg?v=636796365008230000,"Televisor SAMSUNG LED 65"" UHD Smart TV 65NU7090","S/ 3,999.00"
https://tienda.plazavea.com.pe/televisor-samsung-led-43-uhd-4k-smart-tv-un43nu7100gxpe/p,"S/ 1,299.00",https://plazavea.vteximg.com.br/arquivos/ids/202069-220-220/20145536.jpg?v=636710009068170000,Televisor SAMSUNG LED 43'' UHD 4K Smart TV UN43NU7100GXPE,"S/ 1,699.00"
https://tienda.plazavea.com.pe/rack-blackline-26-a-56/p,S/ 24.90,https://plazavea.vteximg.com.br/arquivos/ids/197807-220-220/20112438.jpg?v=636631352607800000,"Rack BLACKLINE 26"" a 56""",S/ 49.90
https://tienda.plazavea.com.pe/televisor-orange-led-49-uhd-smart-tv-lq49uacs/p,S/ 999.00,https://plazavea.vteximg.com.br/arquivos/ids/189838-220-220/20111550.jpg?v=636318536449400000,"Televisor ORANGE LED 49"" UHD Smart TV LQ49UACS","S/ 1,699.00"
https://tienda.plazavea.com.pe/televisor-aoc-led-24-hd-le24h1351/p,S/ 369.00,https://plazavea.vteximg.com.br/arquivos/ids/203786-220-220/20151327.jpg?v=636755547601970000,"Televisor AOC LED 24"" HD LE24H1351",S/ 499.00
https://tienda.plazavea.com.pe/monitor-aoc-40-fhd-curvo-40-c4008vh8-roku/p,S/ 799.00,https://plazavea.vteximg.com.br/arquivos/ids/203246-220-220/20149119.jpg?v=636745980243870000,"Monitor AOC 40"" FHD Curvo  C4008VH8  + ROKU",S/ 999.00
https://tienda.plazavea.com.pe/monitor-lg-led-24-24tk410d/p,S/ 349.00,https://plazavea.vteximg.com.br/arquivos/ids/205301-220-220/20148271.jpg?v=636786141230330000,"Monitor LG LED 24"" 24TK410D",S/ 499.00
https://tienda.plazavea.com.pe/televisor-samsung-led-58-uhd-4k-smart-tv-58nu7100gxpe/p,"S/ 1,899.00",https://plazavea.vteximg.com.br/arquivos/ids/202663-220-220/20146274.jpg?v=636731315688670000,"Televisor SAMSUNG LED 58"" UHD 4K Smart TV 58NU7100GXPE","S/ 3,299.00"
https://tienda.plazavea.com.pe/televisor-lg-led-65-uhd-4k-smart-tv-65uk6350psc/p,"S/ 2,499.00",https://plazavea.vteximg.com.br/arquivos/ids/202271-220-220/20145547.jpg?v=636716595737630000,"Televisor LG LED 65"" UHD 4K Smart TV 65UK6350PSC","S/ 4,999.00"
https://tienda.plazavea.com.pe/televisor-lg-led-55-uhd-4k-smart-tv-55uk7500/p,"S/ 2,299.00",https://plazavea.vteximg.com.br/arquivos/ids/199526-220-220/20145556.jpg?v=636664101853730000,"Televisor LG LED 55"" UHD 4K Smart TV 55UK7500","S/ 3,299.00"
https://tienda.plazavea.com.pe/televisor-aoc-led-50-uhd-smart-tv-le50u7970/p,"S/ 1,099.00",https://plazavea.vteximg.com.br/arquivos/ids/195665-220-220/20138626.jpg?v=636544024667270000,"Televisor AOC LED 50"" UHD Smart TV LE50U7970","S/ 1,899.00"
https://tienda.plazavea.com.pe/televisor-hyundai-led-40-fhd-smart-tv-hyled4013int/p,S/ 899.00,https://plazavea.vteximg.com.br/arquivos/ids/195992-220-220/20130968.jpg?v=636561164167300000,"Televisor HYUNDAI LED 40"" FHD Smart TV HYLED4013iNT","S/ 1,419.00"
https://tienda.plazavea.com.pe/televisor-orange-led-55-uhd-smart-tv-lq55uacs/p,"S/ 1,169.00",https://plazavea.vteximg.com.br/arquivos/ids/189839-220-220/20111550.jpg?v=636318536460230000,"Televisor ORANGE LED 55"" UHD Smart TV LQ55UACS","S/ 2,099.00"
https://tienda.plazavea.com.pe/televisor-samsung-qled-49-uhd-4k-smart-tv-qn49q6fnagxpe/p,"S/ 2,599.00",https://plazavea.vteximg.com.br/arquivos/ids/203350-220-220/20145552.jpg?v=636749693958400000,"Televisor SAMSUNG QLED 49"" UHD 4K Smart TV QN49Q6FNAGXPE","S/ 3,999.00"
https://tienda.plazavea.com.pe/monitor-lg-led-28-28lk430b/p,S/ 449.00,https://plazavea.vteximg.com.br/arquivos/ids/205300-220-220/20148273.jpg?v=636786141226100000,"Monitor LG LED 28"" 28LK430B",S/ 599.00
https://tienda.plazavea.com.pe/monitor-lg-led-28-28lk430b/p,S/ 449.00,https://plazavea.vteximg.com.br/arquivos/ids/205300-220-220/20148273.jpg?v=636786141226100000,"Monitor LG LED 28"" 28LK430B",S/ 599.00
https://tienda.plazavea.com.pe/televisor-samsung-led-55-uhd-4k-curvo-smart-tv-un55mu6300/p,"S/ 1,899.00",https://plazavea.vteximg.com.br/arquivos/ids/204309-220-220/20146687.jpg?v=636772017912770000,"Televisor SAMSUNG LED 55""UHD 4K Curvo Smart TV UN55MU6300","S/ 2,799.00"
https://tienda.plazavea.com.pe/televisor-lg-led-55-uhd-4k-smart-tv-55uk6550psb-awf/p,"S/ 2,099.00",https://plazavea.vteximg.com.br/arquivos/ids/202659-220-220/20145722.jpg?v=636731315668430000,"Televisor LG LED 55"" UHD 4K Smart TV 55UK6550PSB.AWF","S/ 4,699.00"
https://tienda.plazavea.com.pe/televisor-lg-led-70-uhd-4k-smart-tv-70uk6550/p,"S/ 4,699.00",https://plazavea.vteximg.com.br/arquivos/ids/204723-220-220/20145723.jpg?v=636776604088170000,"Televisor LG LED 70"" UHD 4K Smart TV 70UK6550","S/ 12,999.00"
https://tienda.plazavea.com.pe/televisor-lg-led-43-uhd-4k-smart-tv-43uk6300psb-awf/p,"S/ 1,399.00",https://plazavea.vteximg.com.br/arquivos/ids/202071-220-220/20145554.jpg?v=636710009077000000,Televisor LG LED 43'' UHD 4K Smart TV 43UK6300PSB.AWF,"S/ 1,599.00"
https://tienda.plazavea.com.pe/televisor-lg-led-55-uhd-4k-smart-tv-55uk6350/p,"S/ 1,699.00",https://plazavea.vteximg.com.br/arquivos/ids/199529-220-220/20145557.jpg?v=636664101864730000,"Televisor LG LED 55"" UHD 4K Smart TV 55UK6350","S/ 2,699.00"
https://tienda.plazavea.com.pe/televisor-lg-led-50-uhd-4k-smart-tv-50uk6550psb-awf/p,"S/ 1,699.00",https://plazavea.vteximg.com.br/arquivos/ids/202658-220-220/20145548.jpg?v=636731315663230000,"Televisor LG LED 50"" UHD 4K Smart TV 50UK6550PSB.AWF","S/ 2,299.00"
https://tienda.plazavea.com.pe/televisor-samsung-led-50-uhd-4k-smart-tv-un50nu7100gxpe/p,"S/ 1,399.00",https://plazavea.vteximg.com.br/arquivos/ids/202070-220-220/20145537.jpg?v=636710009073070000,Televisor SAMSUNG LED 50'' UHD 4K Smart TV UN50NU7100GXPE,"S/ 2,199.00"
https://tienda.plazavea.com.pe/televisor-samsung-led-65-uhd-4k-flat-smart-tv-un65nu7100gxpe/p,"S/ 2,499.00",https://plazavea.vteximg.com.br/arquivos/ids/202429-220-220/20145542.jpg?v=636722709696300000,"Televisor SAMSUNG LED 65"" UHD 4K Flat Smart TV UN65NU7100GXPE","S/ 4,499.00"
https://tienda.plazavea.com.pe/televisor-sony-led-55-uhd-smart-tv-kd55x725fc/p,"S/ 1,899.00",https://plazavea.vteximg.com.br/arquivos/ids/199329-220-220/20145266.jpg?v=636657832209170000,"Televisor SONY LED 55"" UHD Smart TV KD55X725F-C","S/ 3,599.00"
https://tienda.plazavea.com.pe/kit-directv-prepago/p,S/ 39.90,https://plazavea.vteximg.com.br/arquivos/ids/202746-220-220/20115451.jpg?v=636734838994630000,Kit DIRECTV Prepago,S/ 49.90
https://tienda.plazavea.com.pe/televisor-hyundai-led-49-smart-uhd-curvo-hyled4917c4k/p,"S/ 1,399.00",https://plazavea.vteximg.com.br/arquivos/ids/196857-220-220/20137968.jpg?v=636601018802970000,"Televisor HYUNDAI LED 49"" SMART UHD CURVO HYLED4917C4K","S/ 1,599.00"
https://tienda.plazavea.com.pe/televisor-aoc-led-55-uhd-smart-le55u7970/p,"S/ 1,399.00",https://plazavea.vteximg.com.br/arquivos/ids/193291-220-220/20135832.jpg?v=636469672064430000,"Televisor AOC LED 55"" UHD Smart LE55U7970","S/ 2,499.00"
https://tienda.plazavea.com.pe/televisor-daewoo-led-24-l24t650abs/p,S/ 319.00,https://plazavea.vteximg.com.br/arquivos/ids/199185-220-220/20129762.jpg?v=636652018353930000,"Televisor DAEWOO LED 24"" L24T650ABS",S/ 499.00
https://tienda.plazavea.com.pe/televisor-aoc-led-49-fhd-smart-tv-le49s597/p,"S/ 1,099.00",https://plazavea.vteximg.com.br/arquivos/ids/190180-220-220/20126966.jpg?v=636330416742900000,"Televisor AOC LED 49"" FHD Smart TV LE49S597","S/ 1,399.00"
https://tienda.plazavea.com.pe/televisor-samsung-led-49-uhd-curvo-smart-tv-49mu6300/p,"S/ 1,599.00",https://plazavea.vteximg.com.br/arquivos/ids/189852-220-220/20125027.jpg?v=636318592447570000,"Televisor SAMSUNG LED 49"" UHD Curvo Smart TV 49MU6300","S/ 3,599.00"
https://tienda.plazavea.com.pe/televisor-daewoo-led-43-fhd-smart-tv-l43s780bts/p,S/ 799.00,https://plazavea.vteximg.com.br/arquivos/ids/190341-220-220/20117620.jpg?v=636346881525530000,"Televisor DAEWOO LED 43"" FHD Smart TV L43S780BTS","S/ 1,299.00"
https://tienda.plazavea.com.pe/combo-televisor-lg-led-32-hd-smart-tv-32lk540bpsa-x2/p,,https://plazavea.vteximg.com.br/arquivos/ids/203968-220-220/s000000177.jpg?v=636761783757930000,"Combo Televisor LG LED 32"" HD Smart TV 32LK540BPSA x 2",
https://tienda.plazavea.com.pe/televisor-samsung-led-55-uhd-smart-tv-un55nu7090gxpe/p,"S/ 1,699.00",https://plazavea.vteximg.com.br/arquivos/ids/202668-220-220/20149564.jpg?v=636731315711330000,"Televisor SAMSUNG LED 55"" UHD Smart TV UN55NU7090GXPE","S/ 2,499.00"
https://tienda.plazavea.com.pe/televisor-lg-led-55-suhd-4k-smart-tv-55sk8000psa/p,"S/ 3,099.00",https://plazavea.vteximg.com.br/arquivos/ids/203105-220-220/20148268.jpg?v=636742578650530000,"Televisor LG LED 55"" SUHD 4K Smart TV 55SK8000PSA","S/ 7,499.00"
https://tienda.plazavea.com.pe/televisor-lg-led-65-uhd-4k-smart-tv-65uk7500psa/p,"S/ 4,099.00",https://plazavea.vteximg.com.br/arquivos/ids/205274-220-220/20145721.jpg?v=636786141098930000,Televisor LG LED 65'' UHD 4K Smart TV 65UK7500PSA,"S/ 9,999.00"
https://tienda.plazavea.com.pe/televisor-lg-led-49-uhd-4k-smart-tv-49uk7500/p,"S/ 1,899.00",https://plazavea.vteximg.com.br/arquivos/ids/199523-220-220/20145555.jpg?v=636664101841900000,"Televisor LG LED 49"" UHD 4K Smart TV 49UK7500","S/ 2,499.00"
https://tienda.plazavea.com.pe/televisor-aoc-led-65-uhd-4k-smart-tv-le65u7970/p,"S/ 2,299.00",https://plazavea.vteximg.com.br/arquivos/ids/196793-220-220/20139952-1.jpg?v=636596668544830000,"Televisor AOC LED 65"" UHD 4K SMART TV LE65U7970","S/ 3,599.00"
https://tienda.plazavea.com.pe/televisor-aoc-led-32-hd-tv-le32m1370/p,S/ 599.00,https://plazavea.vteximg.com.br/arquivos/ids/196791-220-220/20139951.jpg?v=636596668527300000,"Televisor AOC LED 32"" HD TV LE32M1370",S/ 699.00
https://tienda.plazavea.com.pe/televisor-aoc-led-43-fhd-smart-tv-le43s5970/p,S/ 899.00,https://plazavea.vteximg.com.br/arquivos/ids/193290-220-220/20135831.jpg?v=636469672046630000,"Televisor AOC LED 43"" FHD Smart TV LE43S5970","S/ 1,299.00"
https://tienda.plazavea.com.pe/rack-para-tv-prolink-23-70-hwm070mk/p,,https://plazavea.vteximg.com.br/arquivos/ids/187717-220-220/20111869.jpg?v=636248395144570000,Rack para TV PROLINK 23-70 HWM070MK,
https://tienda.plazavea.com.pe/rack-blackline-14-a-42/p,S/ 19.90,https://plazavea.vteximg.com.br/arquivos/ids/197808-220-220/20112437.jpg?v=636631352612900000,"Rack BLACKLINE 14"" a 42""",S/ 29.90
https://tienda.plazavea.com.pe/televisor-aoc-led-43-fhd-smart-tv-43s5285/p,S/ 899.00,https://plazavea.vteximg.com.br/arquivos/ids/205062-220-220/20168423.jpg?v=636784984846470000,Televisor AOC LED 43'' FHD Smart TV 43S5285,"S/ 1,299.00"
https://tienda.plazavea.com.pe/televisor-hyundai-led-55-uhd-4k-smart-tv-hyled5514mi4k/p,"S/ 1,399.00",https://plazavea.vteximg.com.br/arquivos/ids/205014-220-220/20149570.jpg?v=636783444831700000,"Televisor HYUNDAI LED 55"" UHD 4K Smart TV HYLED5514Mi4K","S/ 1,699.00"
https://tienda.plazavea.com.pe/televisor-sony-led-49-uhd-4k-smart-tv-kd-49x725f/p,"S/ 1,599.00",https://plazavea.vteximg.com.br/arquivos/ids/205306-220-220/20149121.jpg?v=636786141252700000,"Televisor SONY LED 49"" UHD 4K Smart TV KD-49X725F","S/ 3,199.00"
https://tienda.plazavea.com.pe/televisor-sony-led-55-uhd-smart-4k-kd-55x755f/p,"S/ 2,249.00",https://plazavea.vteximg.com.br/arquivos/ids/199572-220-220/20145776.jpg?v=636664972399900000,"Televisor SONY LED 55"" UHD Smart 4K KD-55X755F","S/ 4,499.00"
https://tienda.plazavea.com.pe/televisor-samsung-led-49-uhd-4k-smart-tv-curvo-49nu7300/p,"S/ 1,799.00",https://plazavea.vteximg.com.br/arquivos/ids/203891-220-220/20145540.jpg?v=636760071233000000,"Televisor SAMSUNG LED 49"" UHD 4K Smart TV Curvo 49NU7300","S/ 2,399.00"
https://tienda.plazavea.com.pe/magic-remote-lg-an-mr18ba/p,,https://plazavea.vteximg.com.br/arquivos/ids/204722-220-220/20148274.jpg?v=636776512053300000,Magic Remote LG AN-MR18BA,
https://tienda.plazavea.com.pe/rack-blackline-36-a-70/p,,https://plazavea.vteximg.com.br/arquivos/ids/197922-220-220/20139953.jpg?v=636631353137330000,"Rack BLACKLINE 36"" a 70""",
https://tienda.plazavea.com.pe/televisor-hyundai-led-43-smart-uhd-hyled4316i4k/p,"S/ 1,199.00",https://plazavea.vteximg.com.br/arquivos/ids/196856-220-220/20137967.jpg?v=636601018799170000,"Televisor HYUNDAI LED 43"" SMART UHD HYLED4316i4K","S/ 1,399.00"
https://tienda.plazavea.com.pe/televisor-aoc-led-32-hd-smart-le32s5970/p,S/ 649.00,https://plazavea.vteximg.com.br/arquivos/ids/193289-220-220/20130837.jpg?v=636469672030330000,"Televisor AOC LED 32"" HD Smart LE32S5970",S/ 799.00
https://tienda.plazavea.com.pe/rack-prolink-32-a-70-cable-hwm070kc/p,,https://plazavea.vteximg.com.br/arquivos/ids/197827-220-220/20111870.jpg?v=636631352710600000,"Rack PROLINK 32"" a 70"" + Cable HWM070KC",
https://tienda.plazavea.com.pe/televisor-samsung-led-24-hd-lt24h310hlb/p,S/ 399.00,https://plazavea.vteximg.com.br/arquivos/ids/195780-220-220/20129332.jpg?v=636549849015200000,"Televisor SAMSUNG LED 24"" HD LT24H310HLB",S/ 549.00
https://tienda.plazavea.com.pe/televisor-samsung-led-55-uhd-smart-tv-55mu6400/p,"S/ 2,299.00",https://plazavea.vteximg.com.br/arquivos/ids/191444-220-220/20125032.jpg?v=636409242048530000,"Televisor SAMSUNG LED 55"" UHD Smart TV 55MU6400","S/ 4,599.00"
https://tienda.plazavea.com.pe/televisor-sony-led-40-fhd-smart-tv-kdl-40w655d/p,"S/ 1,199.00",https://plazavea.vteximg.com.br/arquivos/ids/189997-220-220/20109301.jpg?v=636323700962000000,"Televisor SONY LED 40"" FHD Smart TV KDL-40W655D","S/ 1,599.00"
https://tienda.plazavea.com.pe/televisor-samsung-led-50-uhd-smart-tv-un50nu7090gxpe/p,"S/ 1,299.00",https://plazavea.vteximg.com.br/arquivos/ids/202667-220-220/20149566.jpg?v=636731315706130000,"Televisor SAMSUNG LED 50"" UHD Smart TV UN50NU7090GXPE","S/ 1,999.00"
https://tienda.plazavea.com.pe/televisor-samsung-led-49-fhd-smart-tv-49j5290agxpe/p,"S/ 1,099.00",https://plazavea.vteximg.com.br/arquivos/ids/202661-220-220/20146272.jpg?v=636731315677170000,"Televisor SAMSUNG LED 49"" FHD Smart TV 49J5290AGXPE","S/ 1,799.00"
https://tienda.plazavea.com.pe/televisor-lg-led-49-fhd-smart-tv-49lk5700/p,"S/ 1,499.00",https://plazavea.vteximg.com.br/arquivos/ids/199520-220-220/20145551.jpg?v=636664101830600000,"Televisor LG LED 49"" FHD Smart TV 49LK5700","S/ 1,699.00"
https://tienda.plazavea.com.pe/televisor-lg-led-43-fhd-smart-tv-43lk5700/p,S/ 999.00,https://plazavea.vteximg.com.br/arquivos/ids/199517-220-220/20145545.jpg?v=636664101818870000,"Televisor LG LED 43"" FHD Smart TV 43LK5700","S/ 1,499.00"
https://tienda.plazavea.com.pe/televisor-orange-led-49-fhd-smart-tv-lq49facs/p,S/ 899.00,https://plazavea.vteximg.com.br/arquivos/ids/189835-220-220/20111550.jpg?v=636318536417170000,"Televisor ORANGE LED 49"" FHD Smart TV LQ49FACS","S/ 1,399.00"
https://tienda.plazavea.com.pe/televisor-samsung-led-43-uhd-4k-smart-tvun43nu7090gxpe/p,"S/ 1,199.00",https://plazavea.vteximg.com.br/arquivos/ids/202669-220-220/20150723.jpg?v=636731315716100000,"Televisor SAMSUNG LED 43"" UHD 4K Smart TVUN43NU7090GXPE","S/ 1,599.00"
https://tienda.plazavea.com.pe/televisor-lg-led-32-hd-smart-tv-32lk540bpsa/p,S/ 699.00,https://plazavea.vteximg.com.br/arquivos/ids/202888-220-220/20148269.jpg?v=636737426185400000,"Televisor LG LED 32"" HD Smart TV 32LK540BPSA","S/ 1,399.00"
https://tienda.plazavea.com.pe/televisor-aoc-led-32-hd-smart-tv-32s5285/p,S/ 649.00,https://plazavea.vteximg.com.br/arquivos/ids/205063-220-220/20168424.jpg?v=636784984857570000,Televisor AOC LED 32'' HD Smart TV 32S5285,S/ 799.00
https://tienda.plazavea.com.pe/televisor-samsung-qled-55-uhd-smart-tv-un55q6gnagxpe/p,"S/ 3,699.00",https://plazavea.vteximg.com.br/arquivos/ids/203110-220-220/20149565.jpg?v=636742578679800000,"Televisor SAMSUNG QLED 55"" UHD Smart TV UN55Q6GNAGXPE","S/ 6,999.00"
https://tienda.plazavea.com.pe/televisor-samsung-led-55-uhd-4k-smart-tv-55nu7300gxpe/p,"S/ 2,199.00",https://plazavea.vteximg.com.br/arquivos/ids/202664-220-220/20146271.jpg?v=636731315692830000,"Televisor SAMSUNG LED 55"" UHD 4K Smart TV 55NU7300GXPE","S/ 3,299.00"
https://tienda.plazavea.com.pe/televisor-samsung-led-32-hd-smart-tv-32j4290/p,S/ 749.00,https://plazavea.vteximg.com.br/arquivos/ids/206637-220-220/20146265-1.jpg?v=636796509299300000,"Televisor SAMSUNG LED 32"" HD Smart TV 32J4290",S/ 999.00
https://tienda.plazavea.com.pe/televisor-lg-led-65-uhd-4k-smart-tv-65uk6550psb/p,"S/ 3,599.00",https://plazavea.vteximg.com.br/arquivos/ids/205273-220-220/20145549.jpg?v=636786141094400000,Televisor LG LED 65'' UHD 4K Smart TV 65UK6550PSB,"S/ 5,499.00"
https://tienda.plazavea.com.pe/televisor-sony-led-55-uhd-4k-smart-tv-xbr55x805e/p,"S/ 2,499.00",https://plazavea.vteximg.com.br/arquivos/ids/202656-220-220/20143169.jpg?v=636731315649630000,"Televisor SONY LED 55"" UHD 4K Smart TV XBR55X805E","S/ 4,999.00"
https://tienda.plazavea.com.pe/roku-streaming-stick/p,S/ 299.00,https://plazavea.vteximg.com.br/arquivos/ids/198113-220-220/20140002.jpg?v=636638946930230000,ROKU Streaming Stick,S/ 379.00
https://tienda.plazavea.com.pe/televisor-hyundai-led-32/p,S/ 499.00,https://plazavea.vteximg.com.br/arquivos/ids/197929-220-220/20140104.jpg?v=636631353163570000,"Televisor HYUNDAI LED 32""",S/ 599.00
https://tienda.plazavea.com.pe/televisor-sony-led-60-uhd-4k-smart-tv-kd-60x695e/p,"S/ 2,699.00",https://plazavea.vteximg.com.br/arquivos/ids/196139-220-220/20133627.jpg?v=636568210668130000,"Televisor SONY LED 60"" UHD 4K Smart TV KD-60X695E","S/ 4,499.00"
https://tienda.plazavea.com.pe/televisor-samsung-led-40-fhd-smart-tv-40j5290agxpe/p,S/ 999.00,https://plazavea.vteximg.com.br/arquivos/ids/202662-220-220/20146276.jpg?v=636731315682430000,"Televisor SAMSUNG LED 40"" FHD Smart TV 40J5290AGXPE","S/ 1,499.00"
https://tienda.plazavea.com.pe/televisor-lg-led-50-uhd-4k-smart-tv-50uk6300/p,"S/ 1,349.00",https://plazavea.vteximg.com.br/arquivos/ids/199532-220-220/20145550.jpg?v=636664101875770000,"Televisor LG LED 50"" UHD 4K Smart TV 50UK6300","S/ 2,099.00"
https://tienda.plazavea.com.pe/televisor-samsung-led-65-uhd-smart-tv-65nu7090/p,"S/ 2,199.00",https://plazavea.vteximg.com.br/arquivos/ids/206585-220-220/20151281.jpg?v=636796365008230000,"Televisor SAMSUNG LED 65"" UHD Smart TV 65NU7090","S/ 3,999.00"
https://tienda.plazavea.com.pe/televisor-samsung-led-43-uhd-4k-smart-tv-un43nu7100gxpe/p,"S/ 1,299.00",https://plazavea.vteximg.com.br/arquivos/ids/202069-220-220/20145536.jpg?v=636710009068170000,Televisor SAMSUNG LED 43'' UHD 4K Smart TV UN43NU7100GXPE,"S/ 1,699.00"
https://tienda.plazavea.com.pe/rack-blackline-26-a-56/p,S/ 24.90,https://plazavea.vteximg.com.br/arquivos/ids/197807-220-220/20112438.jpg?v=636631352607800000,"Rack BLACKLINE 26"" a 56""",S/ 49.90
https://tienda.plazavea.com.pe/televisor-orange-led-49-uhd-smart-tv-lq49uacs/p,S/ 999.00,https://plazavea.vteximg.com.br/arquivos/ids/189838-220-220/20111550.jpg?v=636318536449400000,"Televisor ORANGE LED 49"" UHD Smart TV LQ49UACS","S/ 1,699.00"
https://tienda.plazavea.com.pe/televisor-aoc-led-24-hd-le24h1351/p,S/ 369.00,https://plazavea.vteximg.com.br/arquivos/ids/203786-220-220/20151327.jpg?v=636755547601970000,"Televisor AOC LED 24"" HD LE24H1351",S/ 499.00
https://tienda.plazavea.com.pe/monitor-aoc-40-fhd-curvo-40-c4008vh8-roku/p,S/ 799.00,https://plazavea.vteximg.com.br/arquivos/ids/203246-220-220/20149119.jpg?v=636745980243870000,"Monitor AOC 40"" FHD Curvo  C4008VH8  + ROKU",S/ 999.00
https://tienda.plazavea.com.pe/monitor-lg-led-24-24tk410d/p,S/ 349.00,https://plazavea.vteximg.com.br/arquivos/ids/205301-220-220/20148271.jpg?v=636786141230330000,"Monitor LG LED 24"" 24TK410D",S/ 499.00
https://tienda.plazavea.com.pe/televisor-samsung-led-58-uhd-4k-smart-tv-58nu7100gxpe/p,"S/ 1,899.00",https://plazavea.vteximg.com.br/arquivos/ids/202663-220-220/20146274.jpg?v=636731315688670000,"Televisor SAMSUNG LED 58"" UHD 4K Smart TV 58NU7100GXPE","S/ 3,299.00"
https://tienda.plazavea.com.pe/televisor-lg-led-65-uhd-4k-smart-tv-65uk6350psc/p,"S/ 2,499.00",https://plazavea.vteximg.com.br/arquivos/ids/202271-220-220/20145547.jpg?v=636716595737630000,"Televisor LG LED 65"" UHD 4K Smart TV 65UK6350PSC","S/ 4,999.00"
https://tienda.plazavea.com.pe/televisor-lg-led-55-uhd-4k-smart-tv-55uk7500/p,"S/ 2,299.00",https://plazavea.vteximg.com.br/arquivos/ids/199526-220-220/20145556.jpg?v=636664101853730000,"Televisor LG LED 55"" UHD 4K Smart TV 55UK7500","S/ 3,299.00"
https://tienda.plazavea.com.pe/televisor-aoc-led-50-uhd-smart-tv-le50u7970/p,"S/ 1,099.00",https://plazavea.vteximg.com.br/arquivos/ids/195665-220-220/20138626.jpg?v=636544024667270000,"Televisor AOC LED 50"" UHD Smart TV LE50U7970","S/ 1,899.00"
https://tienda.plazavea.com.pe/televisor-hyundai-led-40-fhd-smart-tv-hyled4013int/p,S/ 899.00,https://plazavea.vteximg.com.br/arquivos/ids/195992-220-220/20130968.jpg?v=636561164167300000,"Televisor HYUNDAI LED 40"" FHD Smart TV HYLED4013iNT","S/ 1,419.00"
https://tienda.plazavea.com.pe/televisor-orange-led-55-uhd-smart-tv-lq55uacs/p,"S/ 1,169.00",https://plazavea.vteximg.com.br/arquivos/ids/189839-220-220/20111550.jpg?v=636318536460230000,"Televisor ORANGE LED 55"" UHD Smart TV LQ55UACS","S/ 2,099.00"
https://tienda.plazavea.com.pe/televisor-samsung-qled-49-uhd-4k-smart-tv-qn49q6fnagxpe/p,"S/ 2,599.00",https://plazavea.vteximg.com.br/arquivos/ids/203350-220-220/20145552.jpg?v=636749693958400000,"Televisor SAMSUNG QLED 49"" UHD 4K Smart TV QN49Q6FNAGXPE","S/ 3,999.00"
https://tienda.plazavea.com.pe/tablet-advance-pr7144/p,S/ 239.00,https://plazavea.vteximg.com.br/arquivos/ids/197835-220-220/20131374.jpg?v=636631352747800000,Tablet ADVANCE PR7144,S/ 269.00
https://tienda.plazavea.com.pe/tablet-advance-pr6145-con-tv-digital/p,S/ 199.00,https://plazavea.vteximg.com.br/arquivos/ids/197930-220-220/20140250.jpg?v=636631353167430000,Tablet ADVANCE PR6145 CON TV DIGITAL,S/ 249.00
https://tienda.plazavea.com.pe/notebook-lenovo-note-120s-14iap-intel-celeron-32gb/p,S/ 749.00,https://plazavea.vteximg.com.br/arquivos/ids/198072-220-220/20139847.jpg?v=636638028161970000,Notebook LENOVO NOTE 120S-14IAP Intel Celeron 32GB,S/ 799.00
https://tienda.plazavea.com.pe/tablet-samsung-7-8gb-t280-blanco/p,S/ 399.00,https://plazavea.vteximg.com.br/arquivos/ids/186895-220-220/20110469.jpg?v=636222519288130000,"Tablet SAMSUNG 7"" 8GB T280 Blanco",S/ 499.00
https://tienda.plazavea.com.pe/impresora-multifuncional-epson-l575/p,,https://plazavea.vteximg.com.br/arquivos/ids/184228-220-220/20108062.jpg?v=636147471446730000,Impresora Multifuncional EPSON L575,
https://tienda.plazavea.com.pe/tablet-samsung-7-8gb-t280-negro/p,S/ 399.00,https://plazavea.vteximg.com.br/arquivos/ids/186894-220-220/20110470.jpg?v=636222519280130000,"Tablet SAMSUNG 7"" 8GB T280 Negro",S/ 499.00
https://tienda.plazavea.com.pe/notebook-asus-x540ma-gq001t-15-6-intel-celeron-500gb/p,S/ 999.00,https://plazavea.vteximg.com.br/arquivos/ids/204198-220-220/20149773.jpg?v=636770533198400000,"Notebook ASUS X540MA-GQ001T 15.6"" Intel Celeron 500GB","S/ 1,099.00"
https://tienda.plazavea.com.pe/notebook-hp-14-ck0011-14-intel-core-i5-1tb/p,"S/ 1,899.00",https://plazavea.vteximg.com.br/arquivos/ids/203675-220-220/20145607.jpg?v=636754709066200000,"Notebook HP 14-CK0011 14"" Intel Core i5 1TB","S/ 1,999.00"
https://tienda.plazavea.com.pe/notebook-hp-14-ck0003-14-celeron-500gb/p,S/ 899.00,https://plazavea.vteximg.com.br/arquivos/ids/203674-220-220/20145606.jpg?v=636754709062400000,"Notebook HP 14-CK0003 14"" Celeron 500GB","S/ 1,199.00"
https://tienda.plazavea.com.pe/notebook-hp-14-cm0004-14-a6-1tb/p,"S/ 1,199.00",https://plazavea.vteximg.com.br/arquivos/ids/203460-220-220/20145611.jpg?v=636754006885900000,"Notebook HP 14-CM0004 14"" A6 1TB","S/ 1,399.00"
https://tienda.plazavea.com.pe/notebook-hp-15-db0004-15-amd-a9-1tb/p,"S/ 1,499.00",https://plazavea.vteximg.com.br/arquivos/ids/203673-220-220/20145605.jpg?v=636754709058830000,"Notebook HP 15-DB0004 15"" AMD A9 1TB","S/ 1,599.00"
https://tienda.plazavea.com.pe/tablet-aoc-7-8gb-a741/p,S/ 199.00,https://plazavea.vteximg.com.br/arquivos/ids/199493-220-220/20144836.jpg?v=636663274629700000,"Tablet AOC 7"" 8GB A741",S/ 299.00
https://tienda.plazavea.com.pe/notebook-lenovo-320-15ast-amd-a6-2tb/p,,https://plazavea.vteximg.com.br/arquivos/ids/198071-220-220/20139848.jpg?v=636638028158000000,Notebook LENOVO 320-15AST AMD A6 2TB,
https://tienda.plazavea.com.pe/notebook-asus-x541-go123t-15-6-intel-celeron-500gb-plateado/p,S/ 899.00,https://plazavea.vteximg.com.br/arquivos/ids/195892-220-220/20137516.jpg?v=636555333651900000,"Notebook ASUS X541-GO123T 15.6"" Intel Celeron 500GB","S/ 1,099.00"
https://tienda.plazavea.com.pe/impresora-multifuncional-epson-ecotank-l380/p,S/ 549.00,https://plazavea.vteximg.com.br/arquivos/ids/193340-220-220/20125638.jpg?v=636470748387270000,Impresora Multifuncional EPSON ECOTANK L380,S/ 649.00
https://tienda.plazavea.com.pe/impresora-multifuncional-canon-g3100/p,,https://plazavea.vteximg.com.br/arquivos/ids/183547-220-220/20111447.jpg?v=636147308593800000,Impresora Multifuncional CANON G3100,
https://tienda.plazavea.com.pe/tablet-samsung-9-6-sm-t560-negro/p,S/ 549.00,https://plazavea.vteximg.com.br/arquivos/ids/186893-220-220/20098185.jpg?v=636222519273500000,"Tablet SAMSUNG 9.6"" SM-T560 Negro",S/ 699.00
https://tienda.plazavea.com.pe/tablet-lenovo-tablet-10-1-16gb-yoga-tab3-10-negro/p,S/ 749.00,https://plazavea.vteximg.com.br/arquivos/ids/205695-220-220/20160403.jpg?v=636790341040270000,"Tablet LENOVO TABLET 10.1"" 16GB Yoga Tab3 10 Negro",S/ 799.00
https://tienda.plazavea.com.pe/tablet-huawei-7-8gb-bg2-w09b/p,S/ 269.00,https://plazavea.vteximg.com.br/arquivos/ids/206591-220-220/20160341.jpg?v=636796365058570000,"Tablet HUAWEI 7"" 8GB BG2-W09B",S/ 319.00
https://tienda.plazavea.com.pe/impresora-hp-1115/p,,https://plazavea.vteximg.com.br/arquivos/ids/197962-220-220/20137136.jpg?v=636632112740930000,Impresora HP 1115,
https://tienda.plazavea.com.pe/tablet-samsung-8-16gb-a8-negro/p,S/ 649.00,https://plazavea.vteximg.com.br/arquivos/ids/196049-220-220/20134043.jpg?v=636564839640830000,"Tablet SAMSUNG 8"" 16GB A8 Negro",S/ 799.00
https://tienda.plazavea.com.pe/notebook-hp-15ce001-15-6-intel-core-i5-1tb-negro/p,"S/ 3,799.00",https://plazavea.vteximg.com.br/arquivos/ids/203672-220-220/20131287.jpg?v=636754709054970000,"Notebook HP 15CE001 15.6"" Intel Core i5 1TB Negro","S/ 3,999.00"
https://tienda.plazavea.com.pe/notebook-lenovo-ideapad-320-14-14-intel-celeron-500gb/p,,https://plazavea.vteximg.com.br/arquivos/ids/196215-220-220/20130200.jpg?v=636574129113930000,"Notebook LENOVO IDEAPAD 320-14 14"" Intel Celeron 500GB",
https://tienda.plazavea.com.pe/notebook-asus-x541ua-go1372t-15-6-intel-core-i3-1tb/p,"S/ 1,299.00",https://plazavea.vteximg.com.br/arquivos/ids/196214-220-220/20129397.jpg?v=636574129109630000,"Notebook ASUS X541UA-GO1372T 15.6"" Intel Core i3 1TB","S/ 1,499.00"
https://tienda.plazavea.com.pe/notebook-asus-x541ua-go1372t-15-6-intel-core-i3-1tb/p,"S/ 1,299.00",https://plazavea.vteximg.com.br/arquivos/ids/196214-220-220/20129397.jpg?v=636574129109630000,"Notebook ASUS X541UA-GO1372T 15.6"" Intel Core i3 1TB","S/ 1,499.00"
https://tienda.plazavea.com.pe/tablet-alcatel-7-8gb-8053-8262/p,S/ 239.00,https://plazavea.vteximg.com.br/arquivos/ids/196212-220-220/20128426.jpg?v=636574129098500000,"Tablet ALCATEL 7"" 8GB 8053/8262",S/ 269.00
https://tienda.plazavea.com.pe/notebook-advance-nv9702-14-intel-celeron-32gb-rojo/p,S/ 809.10,https://plazavea.vteximg.com.br/arquivos/ids/196042-220-220/20127859.jpg?v=636564839550700000,"Notebook ADVANCE NV9702 14"" Intel Celeron 32GB Rojo",S/ 899.00
https://tienda.plazavea.com.pe/tablet-lenovo-7-16gb-7703x-celeste/p,S/ 449.00,https://plazavea.vteximg.com.br/arquivos/ids/190087-220-220/20126042.jpg?v=636325294764100000,"Tablet LENOVO 7"" 16GB 7703X Celeste",S/ 499.00
https://tienda.plazavea.com.pe/tablet-altron-7-4gb/p,S/ 179.00,https://plazavea.vteximg.com.br/arquivos/ids/184162-220-220/20047154.jpg?v=636147470801200000,"Tablet ALTRON 7"" 4GB",S/ 209.00
https://tienda.plazavea.com.pe/notebook-hp-15-da0057-15-6-intel-core-i3-1tb/p,"S/ 1,399.00",https://plazavea.vteximg.com.br/arquivos/ids/206915-220-220/20168435.jpg?v=636801402082600000,"Notebook HP 15-DA0057 15.6"" Intel Core i3 1TB","S/ 1,599.00"
https://tienda.plazavea.com.pe/tablet-lenovo-tablet-10-1-64gb-yoga-tab3-pro-negro/p,"S/ 1,669.00",https://plazavea.vteximg.com.br/arquivos/ids/205700-220-220/20160389.jpg?v=636790341064500000,"Tablet LENOVO TABLET 10.1"" 64GB Yoga Tab3 Pro Negro","S/ 1,699.00"
https://tienda.plazavea.com.pe/notebook-hp-15-db0009-15-6-amd-ryzen-3-1tb-negro/p,,https://plazavea.vteximg.com.br/arquivos/ids/203677-220-220/20145609.jpg?v=636754709079230000,"Notebook HP 15-DB0009 15.6"" AMD Ryzen 3 1TB",
https://tienda.plazavea.com.pe/notebook-advance-nv9942-intel-celeron-32gb/p,S/ 749.00,https://plazavea.vteximg.com.br/arquivos/ids/197931-220-220/20140251.jpg?v=636631353172800000,Notebook ADVANCE NV9942 Intel Celeron 32GB,S/ 799.00
https://tienda.plazavea.com.pe/notebook-asus-vivobook-max-x441ua-ga265t-14-intel-core-i3-1tb-petroleo/p,"S/ 1,299.00",https://plazavea.vteximg.com.br/arquivos/ids/196039-220-220/20126211.jpg?v=636564839529900000,"Notebook ASUS VIVOBOOK MAX X441UA-GA265T 14"" Intel Core i3 1TB","S/ 1,549.00"
https://tienda.plazavea.com.pe/impresora-multifuncional-hp-gt5820/p,S/ 499.00,https://plazavea.vteximg.com.br/arquivos/ids/189224-220-220/20120164.jpg?v=636288363035500000,Impresora Multifuncional HP GT5820,S/ 749.00
https://tienda.plazavea.com.pe/notebook-advance-nv7547-13-3-intel-celeron-32gb/p,,https://plazavea.vteximg.com.br/arquivos/ids/207305-220-220/20168765.jpg?v=636808512101430000,"Notebook ADVANCE NV7547 13.3"" Intel Celeron 32GB",
https://tienda.plazavea.com.pe/tablet-advance-10-4g-sp5701/p,S/ 429.00,https://plazavea.vteximg.com.br/arquivos/ids/206935-220-220/20168767.jpg?v=636801452465970000,"Tablet ADVANCE 10"" 4G SP5701",S/ 459.00
https://tienda.plazavea.com.pe/all-in-one-advance-ai2410w-23-8-celeron-n3350-1tb-negro/p,,https://plazavea.vteximg.com.br/arquivos/ids/206928-220-220/20168764.jpg?v=636801416735770000,"All in One ADVANCE AI2410W 23.8"" Celeron N3350 1TB Negro",
https://tienda.plazavea.com.pe/tablet-advance-7-3g-kids-tr4986/p,,https://plazavea.vteximg.com.br/arquivos/ids/207004-220-220/20168766.jpg?v=636802288259700000,"Tablet ADVANCE 7"" 3G KIDS TR4986",
https://tienda.plazavea.com.pe/notebook-hp-15-da0015-15-6-intel-core-i7-1tb/p,"S/ 2,999.00",https://plazavea.vteximg.com.br/arquivos/ids/207090-220-220/20168437.jpg?v=636804071781700000,"Notebook HP 15-DA0015 15.6"" Intel Core i7 1TB","S/ 3,399.00"
https://tienda.plazavea.com.pe/notebook-hp-14-cm0007-14-amd-1tb/p,,https://plazavea.vteximg.com.br/arquivos/ids/207084-220-220/20168438.jpg?v=636804029928000000,"Notebook HP 14-CM0007 14"" AMD 1TB",
https://tienda.plazavea.com.pe/televisor-blackline-led-55-uhd-smart-tv-55d1800-ms88a2/p,"S/ 1,299.00",https://plazavea.vteximg.com.br/arquivos/ids/197207-220-220/20136836.jpg?v=636614013714930000,"Televisor BLACKLINE LED 55"" UHD Smart TV 55D1800/MS88A2","S/ 1,999.00"
https://tienda.plazavea.com.pe/notebook-asus-x507ua-br339t-15-6-intel-core-i3-1tb/p,"S/ 1,599.00",https://plazavea.vteximg.com.br/arquivos/ids/205359-220-220/20163101.jpg?v=636786141487230000,"Notebook ASUS X507UA-BR339T 15.6"" Intel Core i3 1TB","S/ 1,699.00"
https://tienda.plazavea.com.pe/tablet-lenovo-tablet-7-16gb-tab-7-essential-negro/p,,https://plazavea.vteximg.com.br/arquivos/ids/205699-220-220/20160388.jpg?v=636790341060130000,"Tablet LENOVO TABLET 7"" 16GB Tab 7 Essential Negro",
https://tienda.plazavea.com.pe/notebook-lenovo-ideapad-330-14-intel-core-i5-1tb-platinum-grey/p,,https://plazavea.vteximg.com.br/arquivos/ids/205697-220-220/20160344.jpg?v=636790341049970000,"Notebook LENOVO Ideapad 330 14"" Intel Core i5 1TB Platinum Grey",
https://tienda.plazavea.com.pe/notebook-lenovo-ideapad-330-15-6-intel-core-i5-1tb-onyx-black/p,,https://plazavea.vteximg.com.br/arquivos/ids/205696-220-220/20160343.jpg?v=636790341044800000,"Notebook LENOVO Ideapad 330 15.6"" Intel Core i5 1TB Onyx Black",
https://tienda.plazavea.com.pe/notebook-lenovo-ideapad-330s-15-6-intel-core-i3-1tb-mid-night-blue/p,,https://plazavea.vteximg.com.br/arquivos/ids/205698-220-220/20160345.jpg?v=636790341055430000,"Notebook LENOVO Ideapad 330S 15.6"" Intel Core i3 1TB Mid Night Blue",
https://tienda.plazavea.com.pe/notebook-hp-14-cd0007la-14-intel-core-i5-500gb-azul-y-plata/p,"S/ 2,399.00",https://plazavea.vteximg.com.br/arquivos/ids/202524-220-220/20145604.jpg?v=636725485008270000,"Notebook HP 14-CD0007LA 14"" Intel Core i5 500GB Azul y Plata","S/ 2,599.00"
https://tienda.plazavea.com.pe/notebook-asus-x507ub-br349t-15-6-intel-core-i5-1tb/p,"S/ 2,099.00",https://plazavea.vteximg.com.br/arquivos/ids/205311-220-220/20149774.jpg?v=636786141278570000,"Notebook ASUS X507UB-BR349T 15.6"" Intel Core i5 1TB","S/ 2,199.00"
https://tienda.plazavea.com.pe/televisor-portatil-blackline-lcd-7-digital-tv-2101d/p,,https://plazavea.vteximg.com.br/arquivos/ids/197677-220-220/20136766.jpg?v=636627809223730000,"Televisor Port√°til BLACKLINE LCD 7"" Digital TV-2101D",
https://tienda.plazavea.com.pe/televisor-daewoo-led-32-hd-l32t660bts/p,S/ 529.00,https://plazavea.vteximg.com.br/arquivos/ids/199509-220-220/20135829.jpg?v=636664101788330000,"Televisor DAEWOO LED 32"" HD L32T660BTS",S/ 699.00
https://tienda.plazavea.com.pe/televisor-lg-led-55-suhd-4k-smart-tv-55uj7500/p,,https://plazavea.vteximg.com.br/arquivos/ids/198065-220-220/20134167.jpg?v=636638028135170000,"Televisor LG LED 55"" SUHD 4K Smart TV 55UJ7500",
https://tienda.plazavea.com.pe/televisor-lg-led-49-suhd-4k-smart-tv-49uj7500/p,"S/ 1,699.00",https://plazavea.vteximg.com.br/arquivos/ids/194043-220-220/20133631.jpg?v=636481787997070000,"Televisor LG LED 49"" SUHD 4K Smart TV 49UJ7500","S/ 4,399.00"
https://tienda.plazavea.com.pe/televisor-orange-led-55-fhd-smart-tv-lq55facsd/p,"S/ 1,149.00",https://plazavea.vteximg.com.br/arquivos/ids/189836-220-220/20111550.jpg?v=636318536427730000,"Televisor ORANGE LED 55"" FHD Smart TV LQ55FACSD","S/ 1,899.00"
https://tienda.plazavea.com.pe/televisor-hyundai-led-55-uhd-4k-smart-tv-curvo-hyled5510i4kc-/p,"S/ 1,699.00",https://plazavea.vteximg.com.br/arquivos/ids/205015-220-220/20149567.jpg?v=636783444836200000,"Televisor HYUNDAI LED 55"" UHD 4K Smart TV Curvo HYLED5510i4KC","S/ 1,899.00"
https://tienda.plazavea.com.pe/televisor-hyundai-led-40-fhd-smart-tv-hyled4019intm/p,S/ 849.00,https://plazavea.vteximg.com.br/arquivos/ids/205016-220-220/20149571.jpg?v=636783453322670000,"Televisor HYUNDAI LED 40"" FHD Smart TV HYLED4019iNTM",S/ 999.00
https://tienda.plazavea.com.pe/televisor-samsung-led-82-uhd-smart-tv-un82nu8000gxpe/p,"S/ 7,999.00",https://plazavea.vteximg.com.br/arquivos/ids/202868-220-220/20144866.jpg?v=636736759220370000,"Televisor SAMSUNG LED 82"" UHD Smart TV UN82NU8000GXPE","S/ 18,999.00"
https://tienda.plazavea.com.pe/televisor-samsung-led-55-uhd-smart-tv-un55nu7100gxpe/p,"S/ 2,199.00",https://plazavea.vteximg.com.br/arquivos/ids/199328-220-220/20144865.jpg?v=636657832202070000,"Televisor SAMSUNG LED 55"" UHD Smart TV UN55NU7100GXPE","S/ 2,999.00"
https://tienda.plazavea.com.pe/televisor-lg-led-86-uhd-smart-tv-4k-uk6570/p,"S/ 11,999.00",https://plazavea.vteximg.com.br/arquivos/ids/198104-220-220/20143167.jpg?v=636638937665770000,"Televisor LG LED 86"" UHD Smart TV 4K UK6570","S/ 29,999.00"
https://tienda.plazavea.com.pe/televisor-lg-led-75-uhd-4k-smart-tv-75uk6570/p,"S/ 5,499.00",https://plazavea.vteximg.com.br/arquivos/ids/204724-220-220/20163097.jpg?v=636776608602070000,"Televisor LG LED 75"" UHD 4K Smart TV 75UK6570","S/ 15,999.00"
https://tienda.plazavea.com.pe/televisor-samsung-qled-75-uhd-smart-tv-qn75q9fn/p,"S/ 11,999.00",https://plazavea.vteximg.com.br/arquivos/ids/206598-220-220/20163049.jpg?v=636796365081570000,"Televisor SAMSUNG QLED 75"" UHD Smart TV QN75Q9FN","S/ 20,999.00"
https://tienda.plazavea.com.pe/televisor-philips-led-55-uhd-4k-smart-tv-pud6703/p,"S/ 1,799.00",https://plazavea.vteximg.com.br/arquivos/ids/204732-220-220/20161419.jpg?v=636777194947530000,Televisor PHILIPS LED 55'' UHD 4K Smart TV PUD6703,"S/ 2,599.00"
https://tienda.plazavea.com.pe/televisor-philips-led-65-uhd-4k-smart-tv-pud6703/p,"S/ 2,699.00",https://plazavea.vteximg.com.br/arquivos/ids/204735-220-220/20161417.jpg?v=636777194961500000,Televisor PHILIPS LED 65'' UHD 4K Smart TV PUD6703,"S/ 3,999.00"
https://tienda.plazavea.com.pe/televisor-philips-oled-55-uhd-4k-smart-tv-oled873/p,"S/ 4,999.00",https://plazavea.vteximg.com.br/arquivos/ids/204738-220-220/20161422.jpg?v=636777194975900000,Televisor PHILIPS OLED 55'' UHD 4K Smart TV OLED873,"S/ 7,999.00"
https://tienda.plazavea.com.pe/televisor-samsung-led-75-uhd-smart-tv-75nu7090/p,"S/ 6,999.00",https://plazavea.vteximg.com.br/arquivos/ids/206584-220-220/20151282.jpg?v=636796365001970000,"Televisor SAMSUNG LED 75"" UHD Smart TV 75NU7090","S/ 10,999.00"
https://tienda.plazavea.com.pe/televisor-lg-oled-55-uhd-4k-smart-tv-oled55b8ssc/p,"S/ 5,699.00",https://plazavea.vteximg.com.br/arquivos/ids/203113-220-220/20150004.jpg?v=636742578705800000,"Televisor LG OLED 55"" UHD 4K Smart TV OLED55B8SSC","S/ 12,999.00"
https://tienda.plazavea.com.pe/televisor-lg-oled-65-uhd-4k-smart-tv-oled65b8ssc/p,"S/ 7,699.00",https://plazavea.vteximg.com.br/arquivos/ids/205320-220-220/20150001.jpg?v=636786141320030000,Televisor LG OLED 65'' UHD 4K Smart TV OLED65B8SSC,"S/ 17,999.00"
https://tienda.plazavea.com.pe/televisor-lg-led-75-suhd-4k-smart-tv-75sk8000psa/p,"S/ 8,999.00",https://plazavea.vteximg.com.br/arquivos/ids/205298-220-220/20148270.jpg?v=636786141216900000,"Televisor LG LED 75"" SUHD 4K Smart TV 75SK8000PSA","S/ 24,999.00"
https://tienda.plazavea.com.pe/televisor-samsung-led-65-uhd-smart-tv-65nu7300/p,"S/ 3,299.00",https://plazavea.vteximg.com.br/arquivos/ids/206551-220-220/20146277.jpg?v=636796364350330000,"Televisor SAMSUNG LED 65"" UHD Smart TV 65NU7300","S/ 4,999.00"
https://tienda.plazavea.com.pe/televisor-panasonic-led-49-uhd-4k-smart-tv-tc-49fx500p/p,"S/ 1,449.00",https://plazavea.vteximg.com.br/arquivos/ids/207246-220-220/20145484.jpg?v=636807478113500000,Televisor PANASONIC LED 49'' UHD 4K Smart TV TC-49FX500P,"S/ 2,199.00"
https://tienda.plazavea.com.pe/televisor-samsung-led-50-uhd-smart-tv-50nu7400/p,"S/ 2,199.00",https://plazavea.vteximg.com.br/arquivos/ids/206550-220-220/20146273.jpg?v=636796364344870000,"Televisor SAMSUNG LED 50"" UHD Smart TV 50NU7400","S/ 2,899.00"
https://tienda.plazavea.com.pe/televisor-panasonic-led-55-4k-smart-tv-tc-55fx500p/p,"S/ 1,649.00",https://plazavea.vteximg.com.br/arquivos/ids/199901-220-220/20145495.jpg?v=636676205786830000,"Televisor PANASONIC LED 55"" 4K Smart TV TC-55FX500P","S/ 2,699.00"
https://tienda.plazavea.com.pe/notebook-lenovo-ideapad-320-14-intel-core-i3-1tb-platinum-grey/p,"S/ 1,599.00",https://plazavea.vteximg.com.br/arquivos/ids/205690-220-220/20145369.jpg?v=636790341016330000,"Notebook LENOVO Ideapad 320 14"" Intel Core i3 1TB Platinum Grey","S/ 1,699.00"
https://tienda.plazavea.com.pe/televisor-samsung-led-55-uhd-smart-tv-55nu7400/p,,https://plazavea.vteximg.com.br/arquivos/ids/206549-220-220/20146267.jpg?v=636796364338430000,"Televisor SAMSUNG LED 55"" UHD Smart TV 55NU7400",
https://tienda.plazavea.com.pe/impresora-multifuncional-hp-ia2675/p,,https://plazavea.vteximg.com.br/arquivos/ids/207089-220-220/20145075.jpg?v=636804071775770000,Impresora Multifuncional HP IA2675,
https://tienda.plazavea.com.pe/impresora-epson-ecotank-l4160/p,,https://plazavea.vteximg.com.br/arquivos/ids/199492-220-220/20144687.jpg?v=636663274625970000,Impresora EPSON Ecotank L4160,
https://tienda.plazavea.com.pe/impresora-hp-tank-415/p,S/ 599.00,https://plazavea.vteximg.com.br/arquivos/ids/199689-220-220/20144440.jpg?v=636669123183770000,Impresora HP Tank 415,S/ 699.00
https://tienda.plazavea.com.pe/notebook-advance-nv9801-10-1-intel-atom-32gb/p,S/ 449.00,https://plazavea.vteximg.com.br/arquivos/ids/206999-220-220/20143173.jpg?v=636802288227030000,"Notebook ADVANCE NV9801 10.1"" Intel Atom 32GB",S/ 499.00
https://tienda.plazavea.com.pe/notebook-acer-e5-475-59dp-14-intel-core-i5-1tb-blanco/p,,https://plazavea.vteximg.com.br/arquivos/ids/196053-220-220/20130813.jpg?v=636564839706670000,"Notebook ACER E5-475-59DP 14"" Intel Core i5 1TB",
https://tienda.plazavea.com.pe/all-in-one-e-power-19-5-a10-1tb/p,"S/ 2,399.00",https://plazavea.vteximg.com.br/arquivos/ids/196222-220-220/20128204.jpg?v=636574129141830000,"All In One E-POWER 19.5"" A10 1TB","S/ 2,599.00"
https://tienda.plazavea.com.pe/notebook-asus-x542uq-go103t-15-6-intel-core-i7-1tb-dorado/p,"S/ 3,099.00",https://plazavea.vteximg.com.br/arquivos/ids/196450-220-220/20137145.jpg?v=636586196802330000,"Notebook ASUS X542UQ-GO103T 15.6"" Intel Core i7 1TB Dorado","S/ 3,299.00"
https://tienda.plazavea.com.pe/televisor-samsung-led-75-uhd-smart-tv-un75nu7100gxpe/p,"S/ 6,999.00",https://plazavea.vteximg.com.br/arquivos/ids/202874-220-220/20145553.jpg?v=636736759243700000,"Televisor SAMSUNG LED 75"" UHD Smart TV UN75NU7100GXPE","S/ 10,999.00"
https://tienda.plazavea.com.pe/televisor-samsung-qled-65-uhd-smart-tv-qn65q6fnagxpe/p,"S/ 6,999.00",https://plazavea.vteximg.com.br/arquivos/ids/202871-220-220/20145546.jpg?v=636736759231470000,"Televisor SAMSUNG QLED 65"" UHD Smart TV QN65Q6FNAGXPE","S/ 8,999.00"
https://tienda.plazavea.com.pe/rack-para-tv-prolink-23-42-hwm103mk/p,,https://plazavea.vteximg.com.br/arquivos/ids/206266-220-220/20145541.jpg?v=636792982472170000,Rack para TV PROLINK 23-42 HWM103MK,
https://tienda.plazavea.com.pe/televisor-samsung-led-55-uhd-smart-tv-curvo-55nu8500/p,"S/ 4,599.00",https://plazavea.vteximg.com.br/arquivos/ids/203887-220-220/20145538.jpg?v=636760071215130000,"Televisor SAMSUNG LED 55"" UHD Smart TV Curvo 55NU8500","S/ 5,499.00"
https://tienda.plazavea.com.pe/televisor-samsung-led-55-uhd-smart-tv-curvo-55nu7500/p,"S/ 2,999.00",https://plazavea.vteximg.com.br/arquivos/ids/203890-220-220/20145539.jpg?v=636760071227970000,"Televisor SAMSUNG LED 55"" UHD Smart TV Curvo 55NU7500","S/ 4,499.00"
https://tienda.plazavea.com.pe/televisor-samsung-qled-55-uhd-4k-smart-tv-qn55q7fnagxpe/p,"S/ 5,499.00",https://plazavea.vteximg.com.br/arquivos/ids/203349-220-220/20144867.jpg?v=636749693953600000,"Televisor SAMSUNG QLED 55"" UHD 4K Smart TV QN55Q7FNAGXPE","S/ 7,999.00"
https://tienda.plazavea.com.pe/televisor-samsung-qled-65-uhd-smart-tv-qn65q8cnagxpe/p,"S/ 8,999.00",https://plazavea.vteximg.com.br/arquivos/ids/202865-220-220/20144868.jpg?v=636736759207370000,"Televisor SAMSUNG QLED 65"" UHD Smart TV QN65Q8CNAGXPE","S/ 10,999.00"
https://tienda.plazavea.com.pe/notebook-asus-x555ba-xo212t-15-6-a9-1tb/p,,https://plazavea.vteximg.com.br/arquivos/ids/196220-220-220/20130278.jpg?v=636574129133000000,"Notebook ASUS X555BA-XO212T 15.6"" A9 1TB",
https://tienda.plazavea.com.pe/tablet-samsung-8-16gb-a8-plata/p,S/ 649.00,https://plazavea.vteximg.com.br/arquivos/ids/196050-220-220/20134044.jpg?v=636564839663070000,"Tablet SAMSUNG 8"" 16GB A8 Plata",S/ 799.00
https://tienda.plazavea.com.pe/all-in-one-lenovo-23-intel-core-i3-1tb/p,"S/ 1,799.00",https://plazavea.vteximg.com.br/arquivos/ids/196217-220-220/20130991.jpg?v=636574129121700000,"All In One LENOVO 23"" Intel Core I3 1TB","S/ 1,999.00"
https://tienda.plazavea.com.pe/notebook-acer-e5-575g-34zn-15-6-intel-core-i3-4gb-negro/p,,https://plazavea.vteximg.com.br/arquivos/ids/195269-220-220/20130812.jpg?v=636536331662870000,"Notebook ACER E5-575G-34ZN 15.6"" Intel Core i3 4GB Negro",
https://tienda.plazavea.com.pe/notebook-acer-315-21-95rh-15-6-a9-1tb-negro/p,,https://plazavea.vteximg.com.br/arquivos/ids/195608-220-220/20130814.jpg?v=636541464090370000,"Notebook ACER 315-21-95RH 15.6"" A9 1TB Negro",
https://tienda.plazavea.com.pe/notebook-lenovo-ideapad-320-15-6-amd-9-1tb-platinum-grey/p,"S/ 1,449.00",https://plazavea.vteximg.com.br/arquivos/ids/205677-220-220/20130202.jpg?v=636790340955630000,"Notebook LENOVO Ideapad 320 15.6"" AMD 9 1TB Platinum Grey","S/ 1,699.00"
https://tienda.plazavea.com.pe/televisor-sony-led-49-uhd-4k-smart-tv-xbr49x805e/p,"S/ 2,199.00",https://plazavea.vteximg.com.br/arquivos/ids/205270-220-220/20143171.jpg?v=636786141081200000,Televisor SONY LED 49'' UHD 4K Smart TV XBR49X805E,"S/ 3,799.00"
https://tienda.plazavea.com.pe/roku-express/p,,https://plazavea.vteximg.com.br/arquivos/ids/198108-220-220/20140001.jpg?v=636638946906200000,ROKU Express,
https://tienda.plazavea.com.pe/televisor-hyundai-led-65-smart-uhd-hyled6502i4k/p,"S/ 2,299.00",https://plazavea.vteximg.com.br/arquivos/ids/196858-220-220/20137969.jpg?v=636601018807800000,"Televisor HYUNDAI LED 65"" SMART UHD HYLED6502i4K","S/ 3,199.00"
https://tienda.plazavea.com.pe/televisor-hyundai-led-50-smart-tv-4k-hyled509i/p,"S/ 1,099.00",https://plazavea.vteximg.com.br/arquivos/ids/197882-220-220/20137956.jpg?v=636631352958930000,"Televisor HYUNDAI LED 50"" Smart TV 4K HYLED509i","S/ 1,599.00"
https://tienda.plazavea.com.pe/televisor-hyundai-led-75-smart-tv-4k-hyled7501i/p,"S/ 4,999.00",https://plazavea.vteximg.com.br/arquivos/ids/197884-220-220/20137970.jpg?v=636631352967030000,"Televisor HYUNDAI LED 75"" Smart TV 4K HYLED7501i","S/ 5,999.00"
https://tienda.plazavea.com.pe/televisor-hyundai-led-48-smart-tv-hyled483intm/p,"S/ 1,199.00",https://plazavea.vteximg.com.br/arquivos/ids/197883-220-220/20137955.jpg?v=636631352962870000,"Televisor HYUNDAI LED 48"" Smart TV HYLED483iNTM","S/ 1,399.00"
https://tienda.plazavea.com.pe/televisor-blackline-led-60-uhd-smart-tv-60d1680-ms88a2/p,"S/ 1,899.00",https://plazavea.vteximg.com.br/arquivos/ids/197215-220-220/20137117.jpg?v=636614013747170000,"Televisor BLACKLINE LED 60"" UHD Smart TV 60D1680/MS88A2","S/ 2,499.00"
https://tienda.plazavea.com.pe/notebook-lenovo-ideapad-320-14-14-intel-core-i3-1tb/p,"S/ 1,499.00",https://plazavea.vteximg.com.br/arquivos/ids/196216-220-220/20130201.jpg?v=636574129117630000,"Notebook LENOVO IDEAPAD 320-14 14"" Intel Core i3 1TB","S/ 1,599.00"
https://tienda.plazavea.com.pe/notebook-asus-x540up-go006t-15-6-intel-core-i5-1tb/p,"S/ 1,799.00",https://plazavea.vteximg.com.br/arquivos/ids/196213-220-220/20129398.jpg?v=636574129106030000,"Notebook ASUS X540UP-GO006T 15.6"" Intel Core i5 1TB","S/ 2,099.00"
https://tienda.plazavea.com.pe/notebook-hp-15-bs030-15-intel-core-i5-1tb-plateado/p,,https://plazavea.vteximg.com.br/arquivos/ids/203671-220-220/20129394.jpg?v=636754709048970000,"Notebook HP 15-BS030 15"" Intel Core i5 1TB Plateado",
https://tienda.plazavea.com.pe/laptop-asus-note-x541na-go206t-156-intel-celeron-1tb/p,S/ 949.00,https://plazavea.vteximg.com.br/arquivos/ids/200040-220-220/20129396.jpg?v=636680558009470000,"Laptop ASUS Note X541NA-GO206T 15.6"" Intel Celeron 1TB","S/ 1,199.00"
https://tienda.plazavea.com.pe/notebook-lenovo-ideapad-310-14-14-core-i3-500gb-plateado/p,"S/ 1,399.00",https://plazavea.vteximg.com.br/arquivos/ids/192300-220-220/20128028.jpg?v=636445419785130000,"Notebook LENOVO IDEAPAD 310-14 14"" Core i3 500GB Plateado","S/ 1,599.00"
https://tienda.plazavea.com.pe/notebook-lenovo-ideapad-310-14-intel-celeron-500gb-negro/p,S/ 999.00,https://plazavea.vteximg.com.br/arquivos/ids/195270-220-220/20128027.jpg?v=636536331671530000,"Notebook LENOVO Ideapad 310 14"" Intel Celeron 500GB Negro","S/ 1,199.00"
https://tienda.plazavea.com.pe/notebook-lenovo-yoga-510-14-14-intel-core-i3-1tb-blanco/p,"S/ 1,899.00",https://plazavea.vteximg.com.br/arquivos/ids/202451-220-220/20128031.jpg?v=636724582023470000,"Notebook LENOVO YOGA 510-14 14"" Intel Core i3 1TB Blanco","S/ 1,999.00"
https://tienda.plazavea.com.pe/televisor-blackline-led-43-uhd-smart-tv-43d1820ms88a2/p,S/ 999.00,https://plazavea.vteximg.com.br/arquivos/ids/197148-220-220/20136835.jpg?v=636610511431800000,"Televisor BLACKLINE LED 43"" UHD Smart TV 43D1820/MS88A2","S/ 1,599.00"
https://tienda.plazavea.com.pe/televisor-blackline-led-65-uhd-smart-tv-65d1800-ms88a2/p,"S/ 2,399.00",https://plazavea.vteximg.com.br/arquivos/ids/197211-220-220/20137118.jpg?v=636614013732200000,"Televisor BLACKLINE LED 65"" UHD Smart TV 65D1800/MS88A2","S/ 2,999.00"
https://tienda.plazavea.com.pe/sintonizador-con-antena-lenovo-ltv1488/p,,https://plazavea.vteximg.com.br/arquivos/ids/206484-220-220/20137137.jpg?v=636794820074030000,Sintonizador con Antena LENOVO LTV1488,
https://tienda.plazavea.com.pe/televisor-panasonic-led-49-uhd-smart-tv-tc-49ex600w/p,"S/ 1,899.00",https://plazavea.vteximg.com.br/arquivos/ids/199058-220-220/20131220.jpg?v=636651215773400000,"Televisor PANASONIC LED 49"" UHD Smart TV TC-49EX600W","S/ 3,499.00"
https://tienda.plazavea.com.pe/televisor-panasonic-led-43-uhd-smart-tv-tc-43ex600w/p,"S/ 1,599.00",https://plazavea.vteximg.com.br/arquivos/ids/199057-220-220/20131219.jpg?v=636651215769730000,"Televisor PANASONIC LED 43"" UHD Smart TV TC-43EX600W","S/ 2,599.00"
https://tienda.plazavea.com.pe/televisor-hyundai-led-32-smart-tv-hyled3236int/p,S/ 649.00,https://plazavea.vteximg.com.br/arquivos/ids/197831-220-220/20130966.jpg?v=636631352728500000,"Televisor HYUNDAI LED 32"" Smart TV HYLED3236iNT",S/ 919.00
https://tienda.plazavea.com.pe/notebook-lenovo-ideapad-520s-14-14-intel-core-i5-1tb-plateado/p,"S/ 2,149.00",https://plazavea.vteximg.com.br/arquivos/ids/196046-220-220/20128029.jpg?v=636564839592500000,"Notebook LENOVO IDEAPAD 520S-14 14"" Intel Core i5 1TB","S/ 2,399.00"
https://tienda.plazavea.com.pe/all-in-one-hp-19-5-intel-celeron-1tb-blanco/p,,https://plazavea.vteximg.com.br/arquivos/ids/203669-220-220/20127922.jpg?v=636754709036400000,"All in One HP 19.5"" Intel Celeron 1TB Blanco",
https://tienda.plazavea.com.pe/notebook-lenovo-ideapad510-15-15-6-intel-core-i7-1tb-plateado/p,"S/ 3,199.00",https://plazavea.vteximg.com.br/arquivos/ids/190854-220-220/20127862.jpg?v=636383161140200000,Notebook LENOVO IDEAPAD510-15 15.6 Intel Core i7 1TB Plateado,"S/ 3,699.00"
https://tienda.plazavea.com.pe/televisor-hyundai-led-43-uhd-smart-tv-hyled439i4k/p,S/ 799.00,https://plazavea.vteximg.com.br/arquivos/ids/195988-220-220/20130962.jpg?v=636561164129430000,"Televisor HYUNDAI LED 43"" UHD Smart TV HYLED439i4K","S/ 1,749.00"
https://tienda.plazavea.com.pe/televisor-hyundai-led-55-uhd-smart-tv-hyled559i4k/p,"S/ 1,199.00",https://plazavea.vteximg.com.br/arquivos/ids/195991-220-220/20130967.jpg?v=636561164159330000,"Televisor HYUNDAI LED 55"" UHD Smart TV HYLED559i4K","S/ 2,340.00"
https://tienda.plazavea.com.pe/televisor-hyundai-led-24-hd-hyled247d/p,S/ 399.00,https://plazavea.vteximg.com.br/arquivos/ids/195989-220-220/20130964.jpg?v=636561164142600000,"Televisor HYUNDAI LED 24"" HD HYLED247D",S/ 589.00
https://tienda.plazavea.com.pe/tablet-lenovo-7304/p,,https://plazavea.vteximg.com.br/arquivos/ids/197921-220-220/20139393.jpg?v=636631353131800000,Tablet LENOVO 7304,
https://tienda.plazavea.com.pe/tablet-advance-pr7144/p,S/ 239.00,https://plazavea.vteximg.com.br/arquivos/ids/197835-220-220/20131374.jpg?v=636631352747800000,Tablet ADVANCE PR7144,S/ 269.00
https://tienda.plazavea.com.pe/tablet-advance-pr6145-con-tv-digital/p,S/ 199.00,https://plazavea.vteximg.com.br/arquivos/ids/197930-220-220/20140250.jpg?v=636631353167430000,Tablet ADVANCE PR6145 CON TV DIGITAL,S/ 249.00
https://tienda.plazavea.com.pe/notebook-lenovo-note-120s-14iap-intel-celeron-32gb/p,S/ 749.00,https://plazavea.vteximg.com.br/arquivos/ids/198072-220-220/20139847.jpg?v=636638028161970000,Notebook LENOVO NOTE 120S-14IAP Intel Celeron 32GB,S/ 799.00
https://tienda.plazavea.com.pe/tablet-samsung-7-8gb-t280-blanco/p,S/ 399.00,https://plazavea.vteximg.com.br/arquivos/ids/186895-220-220/20110469.jpg?v=636222519288130000,"Tablet SAMSUNG 7"" 8GB T280 Blanco",S/ 499.00
https://tienda.plazavea.com.pe/impresora-multifuncional-epson-l575/p,,https://plazavea.vteximg.com.br/arquivos/ids/184228-220-220/20108062.jpg?v=636147471446730000,Impresora Multifuncional EPSON L575,
https://tienda.plazavea.com.pe/tablet-samsung-7-8gb-t280-negro/p,S/ 399.00,https://plazavea.vteximg.com.br/arquivos/ids/186894-220-220/20110470.jpg?v=636222519280130000,"Tablet SAMSUNG 7"" 8GB T280 Negro",S/ 499.00
https://tienda.plazavea.com.pe/notebook-hp-15-bs012-intel-core-i3-1tb-negro/p,"S/ 1,649.00",https://plazavea.vteximg.com.br/arquivos/ids/195611-220-220/20127795.jpg?v=636541539211230000,Notebook HP 15-BS012 Intel Core i3 1TB Negro,"S/ 1,899.00"
https://tienda.plazavea.com.pe/notebook-asus-x540ma-gq001t-15-6-intel-celeron-500gb/p,S/ 999.00,https://plazavea.vteximg.com.br/arquivos/ids/204198-220-220/20149773.jpg?v=636770533198400000,"Notebook ASUS X540MA-GQ001T 15.6"" Intel Celeron 500GB","S/ 1,099.00"
https://tienda.plazavea.com.pe/notebook-hp-14-ck0011-14-intel-core-i5-1tb/p,"S/ 1,899.00",https://plazavea.vteximg.com.br/arquivos/ids/203675-220-220/20145607.jpg?v=636754709066200000,"Notebook HP 14-CK0011 14"" Intel Core i5 1TB","S/ 1,999.00"
https://tienda.plazavea.com.pe/notebook-hp-14-ck0003-14-celeron-500gb/p,S/ 899.00,https://plazavea.vteximg.com.br/arquivos/ids/203674-220-220/20145606.jpg?v=636754709062400000,"Notebook HP 14-CK0003 14"" Celeron 500GB","S/ 1,199.00"
https://tienda.plazavea.com.pe/notebook-hp-14-cm0004-14-a6-1tb/p,"S/ 1,199.00",https://plazavea.vteximg.com.br/arquivos/ids/203460-220-220/20145611.jpg?v=636754006885900000,"Notebook HP 14-CM0004 14"" A6 1TB","S/ 1,399.00"
https://tienda.plazavea.com.pe/notebook-hp-15-db0004-15-amd-a9-1tb/p,"S/ 1,499.00",https://plazavea.vteximg.com.br/arquivos/ids/203673-220-220/20145605.jpg?v=636754709058830000,"Notebook HP 15-DB0004 15"" AMD A9 1TB","S/ 1,599.00"
https://tienda.plazavea.com.pe/tablet-aoc-7-8gb-a741/p,S/ 199.00,https://plazavea.vteximg.com.br/arquivos/ids/199493-220-220/20144836.jpg?v=636663274629700000,"Tablet AOC 7"" 8GB A741",S/ 299.00
https://tienda.plazavea.com.pe/notebook-lenovo-320-15ast-amd-a6-2tb/p,,https://plazavea.vteximg.com.br/arquivos/ids/198071-220-220/20139848.jpg?v=636638028158000000,Notebook LENOVO 320-15AST AMD A6 2TB,
https://tienda.plazavea.com.pe/notebook-asus-x541-go123t-15-6-intel-celeron-500gb-plateado/p,S/ 899.00,https://plazavea.vteximg.com.br/arquivos/ids/195892-220-220/20137516.jpg?v=636555333651900000,"Notebook ASUS X541-GO123T 15.6"" Intel Celeron 500GB","S/ 1,099.00"
https://tienda.plazavea.com.pe/tablet-advance-7-8gb-tr4985/p,S/ 239.00,https://plazavea.vteximg.com.br/arquivos/ids/196043-220-220/20127861.jpg?v=636564839557330000,"Tablet ADVANCE 7"" 8GB TR4985",S/ 269.00
https://tienda.plazavea.com.pe/all-in-one-advance-21-5-intel-core-i5-1tb-negro/p,,https://plazavea.vteximg.com.br/arquivos/ids/190716-220-220/20127551.jpg?v=636373807923770000,"All in One ADVANCE 21.5"" Intel Core I5 1TB Negro",
https://tienda.plazavea.com.pe/notebook-asus-x541ua-go890t-15-6-intel-core-i3-1tb/p,"S/ 1,399.00",https://plazavea.vteximg.com.br/arquivos/ids/190715-220-220/20124896.jpg?v=636373807912270000,"Notebook ASUS X541UA-GO890T 15.6"" Intel Core i3 1TB","S/ 1,699.00"
https://tienda.plazavea.com.pe/impresora-multifuncional-epson-ecotank-l395/p,,https://plazavea.vteximg.com.br/arquivos/ids/193246-220-220/20126853.jpg?v=636469508763800000,Impresora Multifuncional EPSON ECOTANK L395,
https://tienda.plazavea.com.pe/notebook-asus-gl553vd-dm086t-15-6-intel-core-i5-1tb-negro/p,"S/ 2,899.00",https://plazavea.vteximg.com.br/arquivos/ids/193245-220-220/20126213.jpg?v=636469508757770000,"Notebook ASUS GL553VD-DM086T 15.6"" Intel Core i5 1TB Negro","S/ 3,799.00"
https://tienda.plazavea.com.pe/notebook-asus-vivo-book-x556uq-15-6-intel-core-i7-1tb-dorado/p,"S/ 2,799.00",https://plazavea.vteximg.com.br/arquivos/ids/196036-220-220/20118773.jpg?v=636564839505800000,"Notebook ASUS VIVOBOOK X556UQ 15.6"" Intel Core i7 1TB Dorado","S/ 3,099.00"
https://tienda.plazavea.com.pe/notebook-lenovo-ideapad510-15-inttel-core-i5-1tb-negro/p,"S/ 2,699.00",https://plazavea.vteximg.com.br/arquivos/ids/187741-220-220/20119460.jpg?v=636248395337000000,"Notebook LENOVO IDEAPAD510 15"" Inttel Core i5 1TB Negro","S/ 2,999.00"
https://tienda.plazavea.com.pe/impresora-multifuncional-epson-ecotank-l380/p,S/ 549.00,https://plazavea.vteximg.com.br/arquivos/ids/193340-220-220/20125638.jpg?v=636470748387270000,Impresora Multifuncional EPSON ECOTANK L380,S/ 649.00
https://tienda.plazavea.com.pe/impresora-multifuncional-canon-g3100/p,,https://plazavea.vteximg.com.br/arquivos/ids/183547-220-220/20111447.jpg?v=636147308593800000,Impresora Multifuncional CANON G3100,
https://tienda.plazavea.com.pe/tablet-samsung-9-6-sm-t560-negro/p,S/ 549.00,https://plazavea.vteximg.com.br/arquivos/ids/186893-220-220/20098185.jpg?v=636222519273500000,"Tablet SAMSUNG 9.6"" SM-T560 Negro",S/ 699.00
https://tienda.plazavea.com.pe/tablet-lenovo-tablet-10-1-16gb-yoga-tab3-10-negro/p,S/ 749.00,https://plazavea.vteximg.com.br/arquivos/ids/205695-220-220/20160403.jpg?v=636790341040270000,"Tablet LENOVO TABLET 10.1"" 16GB Yoga Tab3 10 Negro",S/ 799.00
https://tienda.plazavea.com.pe/tablet-huawei-7-8gb-bg2-w09b/p,S/ 269.00,https://plazavea.vteximg.com.br/arquivos/ids/206591-220-220/20160341.jpg?v=636796365058570000,"Tablet HUAWEI 7"" 8GB BG2-W09B",S/ 319.00
https://tienda.plazavea.com.pe/impresora-hp-1115/p,,https://plazavea.vteximg.com.br/arquivos/ids/197962-220-220/20137136.jpg?v=636632112740930000,Impresora HP 1115,
https://tienda.plazavea.com.pe/tablet-samsung-8-16gb-a8-negro/p,S/ 649.00,https://plazavea.vteximg.com.br/arquivos/ids/196049-220-220/20134043.jpg?v=636564839640830000,"Tablet SAMSUNG 8"" 16GB A8 Negro",S/ 799.00
https://tienda.plazavea.com.pe/notebook-hp-15ce001-15-6-intel-core-i5-1tb-negro/p,"S/ 3,799.00",https://plazavea.vteximg.com.br/arquivos/ids/203672-220-220/20131287.jpg?v=636754709054970000,"Notebook HP 15CE001 15.6"" Intel Core i5 1TB Negro","S/ 3,999.00"
https://tienda.plazavea.com.pe/notebook-lenovo-ideapad-320-14-14-intel-celeron-500gb/p,,https://plazavea.vteximg.com.br/arquivos/ids/196215-220-220/20130200.jpg?v=636574129113930000,"Notebook LENOVO IDEAPAD 320-14 14"" Intel Celeron 500GB",
https://tienda.plazavea.com.pe/notebook-lenovo-ideapad-110-15-6-amd-a8-1tb-negro/p,,https://plazavea.vteximg.com.br/arquivos/ids/186913-220-220/20113054.jpg?v=636222519431600000,"Notebook LENOVO IDEAPAD 110 15.6"" AMD A8 1TB Negro",
https://tienda.plazavea.com.pe/notebook-lenovo-110-15-15-6-intel-celeron-500gb-negro/p,"S/ 1,099.00",https://plazavea.vteximg.com.br/arquivos/ids/186921-220-220/20113053.jpg?v=636222519508730000,"Notebook LENOVO 110-15 15.6"" Intel Celeron 500GB Negro","S/ 1,199.00"
https://tienda.plazavea.com.pe/all-in-one-e-power-19-5-intel-celeron-500gb/p,,https://plazavea.vteximg.com.br/arquivos/ids/184392-220-220/20085049.jpg?v=636147495486970000,"All In One E-POWER 19.5"" Intel Celeron 500GB",
https://tienda.plazavea.com.pe/tablet-samsung-9-6-sm-t560-blanco/p,,https://plazavea.vteximg.com.br/arquivos/ids/187441-220-220/20098184.jpg?v=636244250491830000,"Tablet SAMSUNG 9.6"" SM-T560 Blanco",
https://tienda.plazavea.com.pe/tablet-altron-7-8gb-737-blanco/p,S/ 229.00,https://plazavea.vteximg.com.br/arquivos/ids/186905-220-220/20093806.jpg?v=636222519365800000,"Tablet ALTRON 7"" 8GB 737 Blanco",S/ 259.00
https://tienda.plazavea.com.pe/tablet-altron-10-funda-con-teclado/p,S/ 399.00,https://plazavea.vteximg.com.br/arquivos/ids/185129-220-220/20050659.jpg?v=636162016083030000,"Tablet ALTRON 10"" + Funda con Teclado",S/ 429.00
https://tienda.plazavea.com.pe/tablet-samsung-7-8gb-t113-blanco/p,S/ 329.00,https://plazavea.vteximg.com.br/arquivos/ids/186906-220-220/20092769.jpg?v=636222519371430000,"Tablet SAMSUNG 7"" 8GB T113 Blanco",S/ 359.00
https://tienda.plazavea.com.pe/computadora-epower-koup-ii/p,,https://plazavea.vteximg.com.br/arquivos/ids/184196-220-220/20051565.jpg?v=636147471119130000,Computadora EPOWER KOUP II,
https://tienda.plazavea.com.pe/notebook-lenovo-ideapad-300-14-intel-celeron-500gb-plateado/p,S/ 849.00,https://plazavea.vteximg.com.br/arquivos/ids/184403-220-220/20110480.jpg?v=636147495587600000,"Notebook LENOVO IDEAPAD 300 14"" Intel Celeron 500GB Plateado",S/ 999.00
https://tienda.plazavea.com.pe/tablet-huawei-7-8gb-bg2-w09b-kids/p,,https://plazavea.vteximg.com.br/arquivos/ids/206606-220-220/20168802.jpg?v=636796365102230000,"Tablet HUAWEI 7"" 8GB BG2-W09B Kids",
https://tienda.plazavea.com.pe/tablet-huawei-9-6-16gb-bg2-w09b/p,,https://plazavea.vteximg.com.br/arquivos/ids/206604-220-220/20168805.jpg?v=636796365096770000,"Tablet HUAWEI 9.6"" 16GB BG2-W09B",
https://tienda.plazavea.com.pe/tablet-huawei-10-1-32gb-bg2-w09b/p,,https://plazavea.vteximg.com.br/arquivos/ids/206608-220-220/20168804.jpg?v=636796365107070000,"Tablet HUAWEI 10.1"" 32GB BG2-W09B",
https://tienda.plazavea.com.pe/notebook-hp-15-da0007-15-6-core-i3-1tb/p,,https://plazavea.vteximg.com.br/arquivos/ids/203459-220-220/20159698.jpg?v=636754006880830000,"Notebook HP 15-DA0007 15.6"" Core i3 1TB",
https://tienda.plazavea.com.pe/tablet-samsung-10-1-16gb-p580-negro/p,,https://plazavea.vteximg.com.br/arquivos/ids/206926-220-220/20145652.jpg?v=636801409958670000,"Tablet SAMSUNG 10.1"" 16GB P580 Negro",
https://tienda.plazavea.com.pe/tablet-samsung-10-1-16gb-p580-blanco/p,,https://plazavea.vteximg.com.br/arquivos/ids/206924-220-220/20145653.jpg?v=636801409948970000,"Tablet SAMSUNG 10.1"" 16GB P580 Blanco",
https://tienda.plazavea.com.pe/notebook-acer-a315-53-56bs-intel-core-i5-1tb/p,,https://plazavea.vteximg.com.br/arquivos/ids/206951-220-220/20148495.jpg?v=636801637643170000,Notebook ACER A315-53-56BS Intel Core i5 1TB,
https://tienda.plazavea.com.pe/notebook-asus-x540ub-go168t-15-6-intel-core-i5-1tb/p,"S/ 2,399.00",https://plazavea.vteximg.com.br/arquivos/ids/205309-220-220/20149772.jpg?v=636786141270070000,"Notebook ASUS X540UB-GO168T 15.6"" Intel Core i5 1TB","S/ 2,599.00"
https://tienda.plazavea.com.pe/notebook-asus-x540bp-go067t-15-6-amd-a9-1tb/p,"S/ 1,399.00",https://plazavea.vteximg.com.br/arquivos/ids/205310-220-220/20149770.jpg?v=636786141274330000,"Notebook ASUS X540BP-GO067T 15.6"" AMD A9 1TB","S/ 1,499.00"
https://tienda.plazavea.com.pe/notebook-asus-fx504gd-15-6-intel-core-i5-1tb/p,"S/ 3,399.00",https://plazavea.vteximg.com.br/arquivos/ids/204690-220-220/20149771.jpg?v=636776413873770000,"Notebook ASUS FX504GD 15.6"" Intel Core i5 1TB","S/ 3,499.00"
https://tienda.plazavea.com.pe/notebook-acer-a314-31-c6rb-14-intel-celeron-500gb-negro/p,,https://plazavea.vteximg.com.br/arquivos/ids/202454-220-220/20149581.jpg?v=636724582039930000,"Notebook ACER A314-31-C6RB 14"" Intel Celeron 500GB",
https://tienda.plazavea.com.pe/notebook-acer-sf314-54g-14-intel-core-i5-256gb-silver/p,"S/ 3,349.00",https://plazavea.vteximg.com.br/arquivos/ids/206952-220-220/20149583.jpg?v=636801637649600000,"Notebook ACER SF314-54G 14"" Intel Core i5 256GB Silver","S/ 3,499.00"
https://tienda.plazavea.com.pe/notebook-acer-a315-53g-15-6-intel-core-i5-1tb-negro/p,"S/ 2,099.00",https://plazavea.vteximg.com.br/arquivos/ids/204197-220-220/20149580.jpg?v=636770533192670000,"Notebook ACER A315-53G 15.6"" Intel Core i5 1TB Negro","S/ 2,199.00"
https://tienda.plazavea.com.pe/notebook-acer-a315-53-56bs-15-6-intel-core-i5-1tb-black/p,"S/ 1,799.00",https://plazavea.vteximg.com.br/arquivos/ids/206570-220-220/20149577.jpg?v=636796364456370000,"Notebook ACER A315-53-56BS 15.6"" Intel Core i5 1TB Plateado","S/ 1,899.00"
https://tienda.plazavea.com.pe/notebook-lenovo-ideapad-520-15-6-intel-core-i7-1tb-iron-gray/p,"S/ 3,649.00",https://plazavea.vteximg.com.br/arquivos/ids/205692-220-220/20149578.jpg?v=636790341027130000,"Notebook LENOVO Ideapad 520 15.6"" Intel Core i7 1TB Iron Gray","S/ 3,799.00"
https://tienda.plazavea.com.pe/notebook-acer-a515-51-569u-15-6-intel-core-i5-1tb/p,,https://plazavea.vteximg.com.br/arquivos/ids/202453-220-220/20149576.jpg?v=636724582034330000,"Notebook ACER A515-51-569U 15.6"" Intel Core i5 1TB",
https://tienda.plazavea.com.pe/impresora-multifuncional-hp-ink-tank-315/p,S/ 499.00,https://plazavea.vteximg.com.br/arquivos/ids/203107-220-220/20148667.jpg?v=636742578661770000,Impresora Multifuncional HP Ink Tank 315,S/ 599.00
https://tienda.plazavea.com.pe/notebook-acer-an515-52-53u4-15-6-intel-core-i5-1tb-black/p,"S/ 3,299.00",https://plazavea.vteximg.com.br/arquivos/ids/206554-220-220/20148498.jpg?v=636796364372400000,"Notebook ACER AN515-52-53U4 15.6"" Intel Core i5 1TB Black","S/ 3,999.00"
https://tienda.plazavea.com.pe/notebook-acer-a314-31-14-intel-celeron-500gb-black/p,S/ 999.00,https://plazavea.vteximg.com.br/arquivos/ids/206561-220-220/20148499.jpg?v=636796364411170000,"Notebook ACER A314-31 14"" Intel Celeron 500GB Black","S/ 1,099.00"
https://tienda.plazavea.com.pe/notebook-acer-sp314-51-37p1-14-intel-core-i3-1tb-silver/p,"S/ 2,099.00",https://plazavea.vteximg.com.br/arquivos/ids/206557-220-220/20148496.jpg?v=636796364389270000,"Notebook ACER SP314-51-37P1 14"" Intel Core i3 1TB Silver","S/ 2,199.00"
https://tienda.plazavea.com.pe/notebook-acer-a315-41-r1-15-6-amd-1tb-negro/p,,https://plazavea.vteximg.com.br/arquivos/ids/204196-220-220/20148492.jpg?v=636770533187270000,"Notebook ACER A315-41-R1 15.6"" AMD 1TB Negro",
https://tienda.plazavea.com.pe/notebook-acer-an515-52-54ev-15-6-intel-core-i5-1tb-black/p,"S/ 2,999.00",https://plazavea.vteximg.com.br/arquivos/ids/206564-220-220/20148494.jpg?v=636796364425870000,"Notebook ACER AN515-52-54EV 15.6"" Intel Core i5 1TB Black","S/ 3,399.00"
https://tienda.plazavea.com.pe/notebook-acer-sf314-54-57t0-14-intel-core-i5-1tb-black/p,,https://plazavea.vteximg.com.br/arquivos/ids/206558-220-220/20148497.jpg?v=636796364396170000,"Notebook ACER SF314-54-57T0 14"" Intel Core i5 1TB Black",
https://tienda.plazavea.com.pe/notebook-acer-a315-53-15-6-intel-core-i3-1tb/p,"S/ 1,499.00",https://plazavea.vteximg.com.br/arquivos/ids/204689-220-220/20148493.jpg?v=636776413867370000,"Notebook ACER A315-53 15.6"" Intel Core i3 1TB","S/ 1,599.00"
https://tienda.plazavea.com.pe/all-in-one-lenovo-520-intel-core-i3-1tb/p,"S/ 1,899.00",https://plazavea.vteximg.com.br/arquivos/ids/203106-220-220/20146262.jpg?v=636742578656100000,All in One LENOVO 520 Intel Core i3 1TB,"S/ 1,999.00"
https://tienda.plazavea.com.pe/impresora-epson-ecotank-l4150/p,,https://plazavea.vteximg.com.br/arquivos/ids/199497-220-220/20145650.jpg?v=636663274648770000,Impresora EPSON Ecotank L4150,
https://tienda.plazavea.com.pe/notebook-hp-15-dc0001la-15-6-intel-core-i5-1tb-negro/p,"S/ 3,599.00",https://plazavea.vteximg.com.br/arquivos/ids/206890-220-220/20145610.jpg?v=636800609244030000,"Notebook HP 15-DC0001LA 15.6"" Intel Core i5 1TB Negro","S/ 3,699.00"
https://tienda.plazavea.com.pe/notebook-hp-14-cd0003-14-intel-core-i3-500gb/p,"S/ 1,899.00",https://plazavea.vteximg.com.br/arquivos/ids/203676-220-220/20145608.jpg?v=636754709073000000,"Notebook HP 14-CD0003 14"" Intel Core i3 500GB","S/ 1,999.00"
https://tienda.plazavea.com.pe/notebook-lenovo-ideapad-330s-15-intel-core-i3-1tb/p,"S/ 1,799.00",https://plazavea.vteximg.com.br/arquivos/ids/203104-220-220/20145368.jpg?v=636742578642330000,"Notebook LENOVO IDEAPAD 330S 15"" Intel Core i3 1TB","S/ 1,899.00"
https://tienda.plazavea.com.pe/notebook-lenovo-ideapad-520s-14-intel-core-i5-1tb/p,"S/ 1,899.00",https://plazavea.vteximg.com.br/arquivos/ids/202882-220-220/20145370.jpg?v=636737350135330000,"Notebook LENOVO IDEAPAD 520S 14"" Intel Core i5 1TB","S/ 2,299.00"
https://tienda.plazavea.com.pe/notebook-lenovo-legion-y530-15-intel-core-i5-1tb/p,"S/ 3,399.00",https://plazavea.vteximg.com.br/arquivos/ids/203103-220-220/20145373.jpg?v=636742578638270000,"Notebook LENOVO LEGION Y530 15"" Intel Core i5 1TB","S/ 3,599.00"
