Prices,URL,Image,Name
479,/zapatillas-eqt-support-mid-adv-primeknit-dragonball-z/DB2933.html,https://www.adidas.pe/dis/dw/image/v2/aaqx_prd/on/demandware.static/-/Sites-adidas-products/default/dw6ab4533e/zoom/DB2933_00_plp_standard.jpg?sw=230&strip=false,Zapatillas EQT Support Mid ADV Primeknit Dragonball Z
479,/zapatillas-eqt-support-mid-adv-primeknit-dragonball-z/D97056.html,https://www.adidas.pe/dis/dw/image/v2/aaqx_prd/on/demandware.static/-/Sites-adidas-products/default/dwe7f79485/zoom/D97056_00_plp_standard.jpg?sw=230&strip=false,Zapatillas EQT Support Mid ADV Primeknit Dragonball Z
449,/zapatillas-prophere/B37182.html,https://www.adidas.pe/dis/dw/image/v2/aaqx_prd/on/demandware.static/-/Sites-adidas-products/default/dwc149b32b/zoom/B37182_00_plp_standard.jpg?sw=230&strip=false,Zapatillas PROPHERE
299,/zapatillas-continental-80/B41677.html,https://www.adidas.pe/dis/dw/image/v2/aaqx_prd/on/demandware.static/-/Sites-adidas-products/default/dw7d999570/zoom/B41677_00_plp_standard.jpg?sw=230&strip=false,Zapatillas Continental 80
299,/zapatillas-continental-80/AQ1054.html,https://www.adidas.pe/dis/dw/image/v2/aaqx_prd/on/demandware.static/-/Sites-adidas-products/default/dw67deb787/zoom/AQ1054_00_plp_standard.jpg?sw=230&strip=false,Zapatillas Continental 80
299,/zapatillas-continental-80/B41671.html,https://www.adidas.pe/dis/dw/image/v2/aaqx_prd/on/demandware.static/-/Sites-adidas-products/default/dw411286db/zoom/B41671_00_plp_standard.jpg?sw=230&strip=false,Zapatillas Continental 80
299,/zapatillas-continental-80/B41670.html,https://www.adidas.pe/dis/dw/image/v2/aaqx_prd/on/demandware.static/-/Sites-adidas-products/default/dwee01f573/zoom/B41670_00_plp_standard.jpg?sw=230&strip=false,Zapatillas Continental 80
379,/zapatillas-pod-s3.1/B37367.html,https://www.adidas.pe/dis/dw/image/v2/aaqx_prd/on/demandware.static/-/Sites-adidas-products/default/dw5feca208/zoom/B37367_00_plp_standard.jpg?sw=230&strip=false,Zapatillas POD-S3.1
329,/tenis-yung-96/F35020.html,https://www.adidas.pe/dis/dw/image/v2/aaqx_prd/on/demandware.static/-/Sites-adidas-products/default/dw88c89697/zoom/F35020_00_plp_standard.jpg?sw=230&strip=false,Tenis Yung-96
329,/tenis-yung-96/F35018.html,https://www.adidas.pe/dis/dw/image/v2/aaqx_prd/on/demandware.static/-/Sites-adidas-products/default/dw9c12748d/zoom/F35018_00_plp_standard.jpg?sw=230&strip=false,Tenis Yung-96
329,/tenis-yung-96/F35017.html,https://www.adidas.pe/dis/dw/image/v2/aaqx_prd/on/demandware.static/-/Sites-adidas-products/default/dw52512e4e/zoom/F35017_00_plp_standard.jpg?sw=230&strip=false,Tenis Yung-96
449,/zapatillas-sobakov/BB7674.html,https://www.adidas.pe/dis/dw/image/v2/aaqx_prd/on/demandware.static/-/Sites-adidas-products/default/dw08441965/zoom/BB7674_00_plp_standard.jpg?sw=230&strip=false,Zapatillas Sobakov
349,/zapatillas-wilsy-spzl/B41821.html,https://www.adidas.pe/dis/dw/image/v2/aaqx_prd/on/demandware.static/-/Sites-adidas-products/default/dwa63ab047/zoom/B41821_00_plp_standard.jpg?sw=230&strip=false,Zapatillas Wilsy SPZL
429,/zapatillas-zx-452-spzl/B41823.html,https://www.adidas.pe/dis/dw/image/v2/aaqx_prd/on/demandware.static/-/Sites-adidas-products/default/dw1251ed2e/zoom/B41823_00_plp_standard.jpg?sw=230&strip=false,Zapatillas ZX 452 SPZL
399,/zapatillas-indoor-comp-spzl/B41820.html,https://www.adidas.pe/dis/dw/image/v2/aaqx_prd/on/demandware.static/-/Sites-adidas-products/default/dwc37f0615/zoom/B41820_00_plp_standard.jpg?sw=230&strip=false,Zapatillas Indoor Comp SPZL
399,/zapatillas-lowertree-spzl/B41822.html,https://www.adidas.pe/dis/dw/image/v2/aaqx_prd/on/demandware.static/-/Sites-adidas-products/default/dw305c9b1f/zoom/B41822_00_plp_standard.jpg?sw=230&strip=false,Zapatillas Lowertree SPZL
349,/zapatillas-deerupt-runner/B41767.html,https://www.adidas.pe/dis/dw/image/v2/aaqx_prd/on/demandware.static/-/Sites-adidas-products/default/dw1d215e3d/zoom/B41767_00_plp_standard.jpg?sw=230&strip=false,Zapatillas Deerupt Runner
449,/zapatillas-pod-s3.1/CG5947.html,https://www.adidas.pe/dis/dw/image/v2/aaqx_prd/on/demandware.static/-/Sites-adidas-products/default/dwa93c1369/zoom/CG5947_00_plp_standard.jpg?sw=230&strip=false,Zapatillas POD-S3.1
379,/zapatillas-pod-s3.1/BD7693.html,https://www.adidas.pe/dis/dw/image/v2/aaqx_prd/on/demandware.static/-/Sites-adidas-products/default/dw88bde5f6/zoom/BD7693_00_plp_standard.jpg?sw=230&strip=false,Zapatillas POD-S3.1
449,/zapatillas-sobakov/B41967.html,https://www.adidas.pe/dis/dw/image/v2/aaqx_prd/on/demandware.static/-/Sites-adidas-products/default/dw4cd89e5b/zoom/B41967_00_plp_standard.jpg?sw=230&strip=false,Zapatillas Sobakov
449,/zapatillas-sobakov/B41966.html,https://www.adidas.pe/dis/dw/image/v2/aaqx_prd/on/demandware.static/-/Sites-adidas-products/default/dwd7021ae6/zoom/B41966_00_plp_standard.jpg?sw=230&strip=false,Zapatillas Sobakov
449,/zapatillas-sobakov/B41968.html,https://www.adidas.pe/dis/dw/image/v2/aaqx_prd/on/demandware.static/-/Sites-adidas-products/default/dwb2801eb0/zoom/B41968_00_plp_standard.jpg?sw=230&strip=false,Zapatillas Sobakov
449,/zapatillas-sobakov/BB7619.html,https://www.adidas.pe/dis/dw/image/v2/aaqx_prd/on/demandware.static/-/Sites-adidas-products/default/dw7020c6f8/zoom/BB7619_00_plp_standard.jpg?sw=230&strip=false,Zapatillas Sobakov
449,/zapatillas-sobakov/BB8079.html,https://www.adidas.pe/dis/dw/image/v2/aaqx_prd/on/demandware.static/-/Sites-adidas-products/default/dw95002145/zoom/BB8079_00_plp_standard.jpg?sw=230&strip=false,Zapatillas Sobakov
229,/zapatillas-3mc/B22713.html,https://www.adidas.pe/dis/dw/image/v2/aaqx_prd/on/demandware.static/-/Sites-adidas-products/default/dw02858165/zoom/B22713_00_plp_standard.jpg?sw=230&strip=false,Zapatillas 3MC
229,/zapatillas-3mc-vulc/B22701.html,https://www.adidas.pe/dis/dw/image/v2/aaqx_prd/on/demandware.static/-/Sites-adidas-products/default/dw29de0ac7/zoom/B22701_00_plp_standard.jpg?sw=230&strip=false,Zapatillas 3MC Vulc
229,/zapatillas-3mc/B44946.html,https://www.adidas.pe/dis/dw/image/v2/aaqx_prd/on/demandware.static/-/Sites-adidas-products/default/dw1e54a89a/zoom/B44946_00_plp_standard.jpg?sw=230&strip=false,Zapatillas 3MC
229,/zapatillas-3mc-vulc/B22699.html,https://www.adidas.pe/dis/dw/image/v2/aaqx_prd/on/demandware.static/-/Sites-adidas-products/default/dw07506841/zoom/B22699_00_plp_standard.jpg?sw=230&strip=false,Zapatillas 3MC Vulc
229,/zapatillas-3mc/B44945.html,https://www.adidas.pe/dis/dw/image/v2/aaqx_prd/on/demandware.static/-/Sites-adidas-products/default/dw1d740fc3/zoom/B44945_00_plp_standard.jpg?sw=230&strip=false,Zapatillas 3MC
429,/zapatillas-i-5923/B37919.html,https://www.adidas.pe/dis/dw/image/v2/aaqx_prd/on/demandware.static/-/Sites-adidas-products/default/dw4b3a6c08/zoom/B37919_00_plp_standard.jpg?sw=230&strip=false,Zapatillas I-5923
429,/zapatillas-i-5923/B37924.html,https://www.adidas.pe/dis/dw/image/v2/aaqx_prd/on/demandware.static/-/Sites-adidas-products/default/dw0cd83027/zoom/B37924_00_plp_standard.jpg?sw=230&strip=false,Zapatillas I-5923
399,/zapatillas-3st.002/B22730.html,https://www.adidas.pe/dis/dw/image/v2/aaqx_prd/on/demandware.static/-/Sites-adidas-products/default/dwbf9010f5/zoom/B22730_00_plp_standard.jpg?sw=230&strip=false,Zapatillas 3ST.002
299,/zapatillas-campus-adv/B22716.html,https://www.adidas.pe/dis/dw/image/v2/aaqx_prd/on/demandware.static/-/Sites-adidas-products/default/dw26baea05/zoom/B22716_00_plp_standard.jpg?sw=230&strip=false,Zapatillas Campus ADV
449,/zapatillas-nmd_r1/AQ0882.html,https://www.adidas.pe/dis/dw/image/v2/aaqx_prd/on/demandware.static/-/Sites-adidas-products/default/dw0ae20fa3/zoom/AQ0882_02_hover_frv.jpg?sw=230&strip=false,Zapatillas NMD_R1
599,/zapatillas-nmd_cs1-pk/BB9260.html,https://www.adidas.pe/dis/dw/image/v2/aaqx_prd/on/demandware.static/-/Sites-adidas-products/default/dwd196b309/zoom/BB9260_00_plp_standard.jpg?sw=230&strip=false,Zapatillas NMD_CS1 PK
449,/zapatillas-nmd_r1/B37617.html,https://www.adidas.pe/dis/dw/image/v2/aaqx_prd/on/demandware.static/-/Sites-adidas-products/default/dw929cc469/zoom/B37617_00_plp_standard.jpg?sw=230&strip=false,Zapatillas NMD_R1
299,/zapatillas-campus/BZ0084.html,https://www.adidas.pe/dis/dw/image/v2/aaqx_prd/on/demandware.static/-/Sites-adidas-products/default/dw4e0d7fee/zoom/BZ0084_00_plp_standard.jpg?sw=230&strip=false,Zapatillas Campus
299,/zapatillas-samba-og/B75806.html,https://www.adidas.pe/dis/dw/image/v2/aaqx_prd/on/demandware.static/-/Sites-adidas-products/default/dw411545cc/zoom/B75806_00_plp_standard.jpg?sw=230&strip=false,Zapatillas Samba OG
299,/zapatillas-samba-og/B75807.html,https://www.adidas.pe/dis/dw/image/v2/aaqx_prd/on/demandware.static/-/Sites-adidas-products/default/dwc434e449/zoom/B75807_00_plp_standard.jpg?sw=230&strip=false,Zapatillas Samba OG
499,/zapatillas-3st.002-pk/B22734.html,https://www.adidas.pe/dis/dw/image/v2/aaqx_prd/on/demandware.static/-/Sites-adidas-products/default/dw8b754445/zoom/B22734_00_plp_standard.jpg?sw=230&strip=false,Zapatillas 3ST.002 PK
279,/zapatillas-adi-ease-premiere/B22761.html,https://www.adidas.pe/dis/dw/image/v2/aaqx_prd/on/demandware.static/-/Sites-adidas-products/default/dw04c2163b/zoom/B22761_00_plp_standard.jpg?sw=230&strip=false,Zapatillas ADI-EASE PREMIERE
649,/tenis-nmd_ts1-primeknit/B37634.html,https://www.adidas.pe/dis/dw/image/v2/aaqx_prd/on/demandware.static/-/Sites-adidas-products/default/dw24298488/zoom/B37634_00_plp_standard.jpg?sw=230&strip=false,Tenis NMD_TS1 Primeknit
649,/zapatillas-nmd-r1-stlt-parley-primeknit/AQ0943.html,https://www.adidas.pe/dis/dw/image/v2/aaqx_prd/on/demandware.static/-/Sites-adidas-products/default/dwd9a5b3ed/zoom/AQ0943_00_plp_standard.jpg?sw=230&strip=false,Zapatillas NMD R1 STLT Parley Primeknit
299,/zapatillas-gazelle/BB5476.html,https://www.adidas.pe/dis/dw/image/v2/aaqx_prd/on/demandware.static/-/Sites-adidas-products/default/dw082ef6ad/zoom/BB5476_00_plp_standard.jpg?sw=230&strip=false,Zapatillas Gazelle
599,/zapatillas-eqt-support-91-18/D97049.html,https://www.adidas.pe/dis/dw/image/v2/aaqx_prd/on/demandware.static/-/Sites-adidas-products/default/dwe7d39a75/zoom/D97049_00_plp_standard.jpg?sw=230&strip=false,Zapatillas EQT SUPPORT 91/18
649,/tenis-nmd_ts1-primeknit/B37633.html,https://www.adidas.pe/dis/dw/image/v2/aaqx_prd/on/demandware.static/-/Sites-adidas-products/default/dw2d8f4593/zoom/B37633_00_plp_standard.jpg?sw=230&strip=false,Tenis NMD_TS1 Primeknit
229,/zapatillas-seeley/AQ8528.html,https://www.adidas.pe/dis/dw/image/v2/aaqx_prd/on/demandware.static/-/Sites-adidas-products/default/dwdb269ced/zoom/AQ8528_00_plp_standard.jpg?sw=230&strip=false,Zapatillas Seeley
299,/zapatillas-busenitz/B22770.html,https://www.adidas.pe/dis/dw/image/v2/aaqx_prd/on/demandware.static/-/Sites-adidas-products/default/dw132884d6/zoom/B22770_00_plp_standard.jpg?sw=230&strip=false,Zapatillas BUSENITZ
279,/zapatillas-busenitz-vulc/B22774.html,https://www.adidas.pe/dis/dw/image/v2/aaqx_prd/on/demandware.static/-/Sites-adidas-products/default/dwc9934357/zoom/B22774_00_plp_standard.jpg?sw=230&strip=false,Zapatillas BUSENITZ VULC
299,/zapatillas-superstar-vulc-adv/B22759.html,https://www.adidas.pe/dis/dw/image/v2/aaqx_prd/on/demandware.static/-/Sites-adidas-products/default/dw21e0fc7c/zoom/B22759_00_plp_standard.jpg?sw=230&strip=false,Zapatillas SUPERSTAR VULC ADV
599,/zapatillas-crazy-byw/B37550.html,https://www.adidas.pe/dis/dw/image/v2/aaqx_prd/on/demandware.static/-/Sites-adidas-products/default/dw5171dc7d/zoom/B37550_00_plp_standard.jpg?sw=230&strip=false,Zapatillas Crazy BYW
229,/zapatillas-adiease/BY4028.html,https://www.adidas.pe/dis/dw/image/v2/aaqx_prd/on/demandware.static/-/Sites-adidas-products/default/dw69efbcdd/zoom/BY4028_00_plp_standard.jpg?sw=230&strip=false,Zapatillas adiease
379,/zapatillas-3st.003/B42259.html,https://www.adidas.pe/dis/dw/image/v2/aaqx_prd/on/demandware.static/-/Sites-adidas-products/default/dwada9891d/zoom/B42259_00_plp_standard.jpg?sw=230&strip=false,Zapatillas 3ST.003
329,/zapatillas-pharrell-williams-tennis-hu/B41793.html,https://www.adidas.pe/dis/dw/image/v2/aaqx_prd/on/demandware.static/-/Sites-adidas-products/default/dw1ec4f150/zoom/B41793_00_plp_standard.jpg?sw=230&strip=false,Zapatillas Pharrell Williams Tennis Hu
259,/zapatillas-forest-grove/B41546.html,https://www.adidas.pe/dis/dw/image/v2/aaqx_prd/on/demandware.static/-/Sites-adidas-products/default/dw757be1d3/zoom/B41546_00_plp_standard.jpg?sw=230&strip=false,Zapatillas Forest Grove
799,/zapatillas-crazy-byw-lvl-x-pharrell-williams/G27805.html,https://www.adidas.pe/dis/dw/image/v2/aaqx_prd/on/demandware.static/-/Sites-adidas-products/default/dw2c8e5aad/zoom/G27805_00_plp_standard.jpg?sw=230&strip=false,Zapatillas Crazy BYW LVL X Pharrell Williams
599,/zapatillas-eqt-support-91-18/D97061.html,https://www.adidas.pe/dis/dw/image/v2/aaqx_prd/on/demandware.static/-/Sites-adidas-products/default/dweb564123/zoom/D97061_00_plp_standard.jpg?sw=230&strip=false,Zapatillas EQT Support 91/18
299,/zapatillas-x_plr/B37932.html,https://www.adidas.pe/dis/dw/image/v2/aaqx_prd/on/demandware.static/-/Sites-adidas-products/default/dwc7fbac50/zoom/B37932_00_plp_standard.jpg?sw=230&strip=false,Zapatillas X_PLR
259,/zapatillas-stan-smith/M20325.html,https://www.adidas.pe/dis/dw/image/v2/aaqx_prd/on/demandware.static/-/Sites-adidas-products/default/dwa7249779/zoom/M20325_00_plp_standard.jpg?sw=230&strip=false,Zapatillas Stan Smith
349,/zapatillas-deerupt/B42063.html,https://www.adidas.pe/dis/dw/image/v2/aaqx_prd/on/demandware.static/-/Sites-adidas-products/default/dw5bbb2bd5/zoom/B42063_00_plp_standard.jpg?sw=230&strip=false,Zapatillas Deerupt
299,/zapatillas-samba-og/B75680.html,https://www.adidas.pe/dis/dw/image/v2/aaqx_prd/on/demandware.static/-/Sites-adidas-products/default/dwea560a82/zoom/B75680_00_plp_standard.jpg?sw=230&strip=false,Zapatillas Samba OG
299,/zapatillas-samba-og/B75681.html,https://www.adidas.pe/dis/dw/image/v2/aaqx_prd/on/demandware.static/-/Sites-adidas-products/default/dw61b17e05/zoom/B75681_00_plp_standard.jpg?sw=230&strip=false,Zapatillas Samba OG
499,/zapatillas-kamanda-01/AQ1226.html,https://www.adidas.pe/dis/dw/image/v2/aaqx_prd/on/demandware.static/-/Sites-adidas-products/default/dwb3e0d7cd/zoom/AQ1226_00_plp_standard.jpg?sw=230&strip=false,Zapatillas KAMANDA 01
299,/zapatillas-x_plr/B37930.html,https://www.adidas.pe/dis/dw/image/v2/aaqx_prd/on/demandware.static/-/Sites-adidas-products/default/dwaac269cb/zoom/B37930_00_plp_standard.jpg?sw=230&strip=false,Zapatillas X_PLR
549,/zapatillas-eqt-support-mid-adv-pk/B37513.html,https://www.adidas.pe/dis/dw/image/v2/aaqx_prd/on/demandware.static/-/Sites-adidas-products/default/dw344bb45e/zoom/B37513_00_plp_standard.jpg?sw=230&strip=false,Zapatillas EQT SUPPORT MID ADV PK
279,/zapatillas-matchcourt/F37383.html,https://www.adidas.pe/dis/dw/image/v2/aaqx_prd/on/demandware.static/-/Sites-adidas-products/default/dwb46ed498/zoom/F37383_00_plp_standard.jpg?sw=230&strip=false,Zapatillas MATCHCOURT
649,/tenis-crazy-byw-x/B42240.html,https://www.adidas.pe/dis/dw/image/v2/aaqx_prd/on/demandware.static/-/Sites-adidas-products/default/dwb8c7a5a8/zoom/B42240_00_plp_standard.jpg?sw=230&strip=false,Tenis Crazy BYW X
299,/zapatillas-busenitz-vulc-rx/BY3980.html,https://www.adidas.pe/dis/dw/image/v2/aaqx_prd/on/demandware.static/-/Sites-adidas-products/default/dw70fde8aa/zoom/BY3980_00_plp_standard.jpg?sw=230&strip=false,Zapatillas Busenitz Vulc RX
599,/zapatillas-nmd_racer-primeknit/B37641.html,https://www.adidas.pe/dis/dw/image/v2/aaqx_prd/on/demandware.static/-/Sites-adidas-products/default/dw7c116490/zoom/B37641_00_plp_standard.jpg?sw=230&strip=false,Zapatillas NMD_Racer Primeknit
649,/zapatillas-crazy-byw-x/B42244.html,https://www.adidas.pe/dis/dw/image/v2/aaqx_prd/on/demandware.static/-/Sites-adidas-products/default/dwee346cf8/zoom/B42244_00_plp_standard.jpg?sw=230&strip=false,Zapatillas Crazy BYW X
599,/zapatillas-eqt-support-93-17/CQ2398.html,https://www.adidas.pe/dis/dw/image/v2/aaqx_prd/on/demandware.static/-/Sites-adidas-products/default/dwaf49f628/zoom/CQ2398_00_plp_standard.jpg?sw=230&strip=false,Zapatillas EQT Support 93/17
299,/zapatillas-x_plr/B37931.html,https://www.adidas.pe/dis/dw/image/v2/aaqx_prd/on/demandware.static/-/Sites-adidas-products/default/dwb3afea5e/zoom/B37931_00_plp_standard.jpg?sw=230&strip=false,Zapatillas X_PLR
299,/zapatillas-x_plr/CQ2406.html,https://www.adidas.pe/dis/dw/image/v2/aaqx_prd/on/demandware.static/-/Sites-adidas-products/default/dw8bb52bc4/zoom/CQ2406_00_plp_standard.jpg?sw=230&strip=false,Zapatillas X_PLR
299,/zapatillas-campus-adv/B22717.html,https://www.adidas.pe/dis/dw/image/v2/aaqx_prd/on/demandware.static/-/Sites-adidas-products/default/dwc9fad420/zoom/B22717_00_plp_standard.jpg?sw=230&strip=false,Zapatillas Campus ADV
599,/zapatillas-nmd_racer-primeknit/BB7041.html,https://www.adidas.pe/dis/dw/image/v2/aaqx_prd/on/demandware.static/-/Sites-adidas-products/default/dwf7fc03f7/zoom/BB7041_00_plp_standard.jpg?sw=230&strip=false,Zapatillas NMD_Racer Primeknit
279,/zapatillas-vrx-cup-low/B41485.html,https://www.adidas.pe/dis/dw/image/v2/aaqx_prd/on/demandware.static/-/Sites-adidas-products/default/dw8fb55ea0/zoom/B41485_00_plp_standard.jpg?sw=230&strip=false,Zapatillas VRX Cup Low
399,/zapatillas-yung-1/AQ0902.html,https://www.adidas.pe/dis/dw/image/v2/aaqx_prd/on/demandware.static/-/Sites-adidas-products/default/dw6562f23e/zoom/AQ0902_00_plp_standard.jpg?sw=230&strip=false,Zapatillas YUNG-1
229,/zapatillas-seeley/B27787.html,https://www.adidas.pe/dis/dw/image/v2/aaqx_prd/on/demandware.static/-/Sites-adidas-products/default/dw89199239/zoom/B27787_00_plp_standard.jpg?sw=230&strip=false,Zapatillas Seeley
329,/zapatillas-pharrell-williams-hu/B41792.html,https://www.adidas.pe/dis/dw/image/v2/aaqx_prd/on/demandware.static/-/Sites-adidas-products/default/dw3c126f49/zoom/B41792_00_plp_standard.jpg?sw=230&strip=false,Zapatillas Pharrell Williams Hu
299,/zapatillas-swift-run/B37727.html,https://www.adidas.pe/dis/dw/image/v2/aaqx_prd/on/demandware.static/-/Sites-adidas-products/default/dwd320a11a/zoom/B37727_00_plp_standard.jpg?sw=230&strip=false,Zapatillas Swift Run
299,/zapatillas-superstar-foundation/AF5666.html,https://www.adidas.pe/dis/dw/image/v2/aaqx_prd/on/demandware.static/-/Sites-adidas-products/default/dw4ef140e9/zoom/AF5666_00_plp_standard.jpg?sw=230&strip=false,Zapatillas Superstar Foundation
599,/zapatillas-eqt-support-93-17/CQ2393.html,https://www.adidas.pe/dis/dw/image/v2/aaqx_prd/on/demandware.static/-/Sites-adidas-products/default/dw9fa26b5d/zoom/CQ2393_00_plp_standard.jpg?sw=230&strip=false,Zapatillas EQT Support 93/17
229,/zapatillas-seeley/AQ8530.html,https://www.adidas.pe/dis/dw/image/v2/aaqx_prd/on/demandware.static/-/Sites-adidas-products/default/dw9e7938b3/zoom/AQ8530_00_plp_standard.jpg?sw=230&strip=false,Zapatillas Seeley
599,/zapatillas-nmd_racer-primeknit/B37639.html,https://www.adidas.pe/dis/dw/image/v2/aaqx_prd/on/demandware.static/-/Sites-adidas-products/default/dwf56d17b6/zoom/B37639_00_plp_standard.jpg?sw=230&strip=false,Zapatillas NMD_Racer Primeknit
429,/zapatillas-knit-tubular-shadow/BB8824.html,https://www.adidas.pe/dis/dw/image/v2/aaqx_prd/on/demandware.static/-/Sites-adidas-products/default/dw1c879388/zoom/BB8824_00_plp_standard.jpg?sw=230&strip=false,Zapatillas Knit Tubular Shadow
549,/zapatillas-eqt-support-mid-adv-primeknit/B37455.html,https://www.adidas.pe/dis/dw/image/v2/aaqx_prd/on/demandware.static/-/Sites-adidas-products/es_PE/v1545293824517/zoom/B37455_00_plp_standard.jpg?sw=230&strip=false,Zapatillas EQT Support Mid ADV Primeknit
449,/zapatillas-sobakov/BB7040.html,https://www.adidas.pe/dis/dw/image/v2/aaqx_prd/on/demandware.static/-/Sites-adidas-products/default/dw0a80aa3f/zoom/BB7040_00_plp_standard.jpg?sw=230&strip=false,Zapatillas Sobakov
549,/zapatillas-eqt-support-mid-adv/B37413.html,https://www.adidas.pe/dis/dw/image/v2/aaqx_prd/on/demandware.static/-/Sites-adidas-products/default/dw851a89f9/zoom/B37413_00_plp_standard.jpg?sw=230&strip=false,Zapatillas EQT Support Mid ADV
189,/zapatillas-beavis-and-butthead-3mc/BD7861.html,https://www.adidas.pe/dis/dw/image/v2/aaqx_prd/on/demandware.static/-/Sites-adidas-products/default/dwfa77e2b1/zoom/BD7861_00_plp_standard.jpg?sw=230&strip=false,Zapatillas Beavis and Butthead 3MC
299,/zapatillas-matchcourt-rx/B27768.html,https://www.adidas.pe/dis/dw/image/v2/aaqx_prd/on/demandware.static/-/Sites-adidas-products/default/dw603d1b23/zoom/B27768_00_plp_standard.jpg?sw=230&strip=false,Zapatillas MATCHCOURT RX
299,/zapatillas-gazelle/S76228.html,https://www.adidas.pe/dis/dw/image/v2/aaqx_prd/on/demandware.static/-/Sites-adidas-products/default/dw1af91988/zoom/S76228_00_plp_standard.jpg?sw=230&strip=false,Zapatillas Gazelle
299,/zapatillas-campus/B37822.html,https://www.adidas.pe/dis/dw/image/v2/aaqx_prd/on/demandware.static/-/Sites-adidas-products/default/dw79f712b4/zoom/B37822_00_plp_standard.jpg?sw=230&strip=false,Zapatillas Campus
599,/zapatillas-nmd_r1-stlt-primeknit/CQ2388.html,https://www.adidas.pe/dis/dw/image/v2/aaqx_prd/on/demandware.static/-/Sites-adidas-products/default/dw31bc672c/zoom/CQ2388_00_plp_standard.jpg?sw=230&strip=false,Zapatillas NMD_R1 STLT Primeknit
249,/zapatillas-nizza/DA9331.html,https://www.adidas.pe/dis/dw/image/v2/aaqx_prd/on/demandware.static/-/Sites-adidas-products/default/dw2a412443/zoom/DA9331_00_plp_standard.jpg?sw=230&strip=false,Zapatillas Nizza
349,/zapatillas-deerupt-runner/B41771.html,https://www.adidas.pe/dis/dw/image/v2/aaqx_prd/on/demandware.static/-/Sites-adidas-products/default/dwfdc1b644/zoom/B41771_00_plp_standard.jpg?sw=230&strip=false,Zapatillas Deerupt Runner
349,/zapatillas-deerupt-runner/B41769.html,https://www.adidas.pe/dis/dw/image/v2/aaqx_prd/on/demandware.static/-/Sites-adidas-products/default/dweab51047/zoom/B41769_00_plp_standard.jpg?sw=230&strip=false,Zapatillas Deerupt Runner
279,/zapatillas-adiease/CQ1062.html,https://www.adidas.pe/dis/dw/image/v2/aaqx_prd/on/demandware.static/-/Sites-adidas-products/default/dw7a9e71a8/zoom/CQ1062_00_plp_standard.jpg?sw=230&strip=false,Zapatillas Adiease
429,/zapatillas-i-5923-runner-pride/B41984.html,https://www.adidas.pe/dis/dw/image/v2/aaqx_prd/on/demandware.static/-/Sites-adidas-products/default/dwe320f1d3/zoom/B41984_00_plp_standard.jpg?sw=230&strip=false,Zapatillas I-5923 Runner Pride
429,/zapatillas-i-5923/D97344.html,https://www.adidas.pe/dis/dw/image/v2/aaqx_prd/on/demandware.static/-/Sites-adidas-products/default/dw833fe263/zoom/D97344_00_plp_standard.jpg?sw=230&strip=false,Zapatillas I-5923
549,/zapatillas-eqt-support-mid-adv-primeknit/B37456.html,https://www.adidas.pe/dis/dw/image/v2/aaqx_prd/on/demandware.static/-/Sites-adidas-products/default/dw01e5626d/zoom/B37456_00_plp_standard.jpg?sw=230&strip=false,Zapatillas EQT Support Mid ADV Primeknit
299,/zapatillas-x_plr/B37434.html,https://www.adidas.pe/dis/dw/image/v2/aaqx_prd/on/demandware.static/-/Sites-adidas-products/default/dw72533684/zoom/B37434_00_plp_standard.jpg?sw=230&strip=false,Zapatillas X_PLR
359,/zapatillas-prophere/B37464.html,https://www.adidas.pe/dis/dw/image/v2/aaqx_prd/on/demandware.static/-/Sites-adidas-products/default/dw304218d9/zoom/B37464_00_plp_standard.jpg?sw=230&strip=false,Zapatillas PROPHERE
359,/zapatillas-prophere/B37462.html,https://www.adidas.pe/dis/dw/image/v2/aaqx_prd/on/demandware.static/-/Sites-adidas-products/default/dw7e185290/zoom/B37462_00_plp_standard.jpg?sw=230&strip=false,Zapatillas PROPHERE
359,/zapatillas-prophere/D96729.html,https://www.adidas.pe/dis/dw/image/v2/aaqx_prd/on/demandware.static/-/Sites-adidas-products/default/dw68bd8071/zoom/D96729_00_plp_standard.jpg?sw=230&strip=false,Zapatillas PROPHERE
419,/zapatillas-eqt-support/AQ1037.html,https://www.adidas.pe/dis/dw/image/v2/aaqx_prd/on/demandware.static/-/Sites-adidas-products/default/dw45794be6/zoom/AQ1037_00_plp_standard.jpg?sw=230&strip=false,Zapatillas EQT SUPPORT
559,/zapatillas-nmd-ts1-pk-gtx/AQ0927.html,https://www.adidas.pe/dis/dw/image/v2/aaqx_prd/on/demandware.static/-/Sites-adidas-products/default/dw95c877e7/zoom/AQ0927_00_plp_standard.jpg?sw=230&strip=false,Zapatillas NMD TS1 PK GTX
359,/zapatillas-nmd_r1/B37619.html,https://www.adidas.pe/dis/dw/image/v2/aaqx_prd/on/demandware.static/-/Sites-adidas-products/default/dwe4c71fef/zoom/B37619_00_plp_standard.jpg?sw=230&strip=false,Zapatillas NMD_R1
349,/zapatillas-kamanda-01/B41936.html,https://www.adidas.pe/dis/dw/image/v2/aaqx_prd/on/demandware.static/-/Sites-adidas-products/default/dwa0a87bf3/zoom/B41936_00_plp_standard.jpg?sw=230&strip=false,Zapatillas KAMANDA 01
314,/zapatillas-pod-s3.1/B37364.html,https://www.adidas.pe/dis/dw/image/v2/aaqx_prd/on/demandware.static/-/Sites-adidas-products/default/dwe9f857f9/zoom/B37364_00_plp_standard.jpg?sw=230&strip=false,Zapatillas POD-S3.1
160,/zapatillas-3mc-vulc/B22708.html,https://www.adidas.pe/dis/dw/image/v2/aaqx_prd/on/demandware.static/-/Sites-adidas-products/default/dw4347f29d/zoom/B22708_00_plp_standard.jpg?sw=230&strip=false,Zapatillas 3MC Vulc
359,/zapatillas-futurepacer/AQ0907.html,https://www.adidas.pe/dis/dw/image/v2/aaqx_prd/on/demandware.static/-/Sites-adidas-products/default/dwcf0e1ba4/zoom/AQ0907_00_plp_standard.jpg?sw=230&strip=false,Zapatillas Futurepacer
359,/zapatillas-sobakov/BB7666.html,https://www.adidas.pe/dis/dw/image/v2/aaqx_prd/on/demandware.static/-/Sites-adidas-products/default/dw9c650b03/zoom/BB7666_00_plp_standard.jpg?sw=230&strip=false,Zapatillas Sobakov
160,/zapatillas-3mc-vulc/B22705.html,https://www.adidas.pe/dis/dw/image/v2/aaqx_prd/on/demandware.static/-/Sites-adidas-products/default/dwf3d3a2c4/zoom/B22705_00_plp_standard.jpg?sw=230&strip=false,Zapatillas 3MC Vulc
137,/zapatillas-3mc-vulc/B22707.html,https://www.adidas.pe/dis/dw/image/v2/aaqx_prd/on/demandware.static/-/Sites-adidas-products/default/dw467ea7bf/zoom/B22707_00_plp_standard.jpg?sw=230&strip=false,Zapatillas 3MC Vulc
137,/zapatillas-3mc-vulc/B22703.html,https://www.adidas.pe/dis/dw/image/v2/aaqx_prd/on/demandware.static/-/Sites-adidas-products/default/dw11d85f19/zoom/B22703_00_plp_standard.jpg?sw=230&strip=false,Zapatillas 3MC Vulc
160,/zapatillas-3mc-vulc/B22706.html,https://www.adidas.pe/dis/dw/image/v2/aaqx_prd/on/demandware.static/-/Sites-adidas-products/default/dw73838428/zoom/B22706_00_plp_standard.jpg?sw=230&strip=false,Zapatillas 3MC Vulc
160,/zapatillas-3mc/B22712.html,https://www.adidas.pe/dis/dw/image/v2/aaqx_prd/on/demandware.static/-/Sites-adidas-products/default/dw68e0fe86/zoom/B22712_00_plp_standard.jpg?sw=230&strip=false,Zapatillas 3MC
155,/zapatillas-superstar/C77124.html,https://www.adidas.pe/dis/dw/image/v2/aaqx_prd/on/demandware.static/-/Sites-adidas-products/default/dw24b047d5/zoom/C77124_00_plp_standard.jpg?sw=230&strip=false,Zapatillas Superstar
155,/zapatillas-stan-smith/M20324.html,https://www.adidas.pe/dis/dw/image/v2/aaqx_prd/on/demandware.static/-/Sites-adidas-products/default/dw53ecfccf/zoom/M20324_00_plp_standard.jpg?sw=230&strip=false,Zapatillas Stan Smith
179,/zapatillas-superstar/B27136.html,https://www.adidas.pe/dis/dw/image/v2/aaqx_prd/on/demandware.static/-/Sites-adidas-products/default/dw90db8cf4/zoom/B27136_00_plp_standard.jpg?sw=230&strip=false,Zapatillas Superstar
179,/zapatillas-campus-pride/B42000.html,https://www.adidas.pe/dis/dw/image/v2/aaqx_prd/on/demandware.static/-/Sites-adidas-products/default/dw345e10e4/zoom/B42000_00_plp_standard.jpg?sw=230&strip=false,Zapatillas Campus Pride
195,/zapatillas-stan-smith/S75104.html,https://www.adidas.pe/dis/dw/image/v2/aaqx_prd/on/demandware.static/-/Sites-adidas-products/default/dwc9c89187/zoom/S75104_00_plp_standard.jpg?sw=230&strip=false,Zapatillas Stan Smith
299,/zapatillas-campus-adv/B22714.html,https://www.adidas.pe/dis/dw/image/v2/aaqx_prd/on/demandware.static/-/Sites-adidas-products/default/dw6f9e196e/zoom/B22714_00_plp_standard.jpg?sw=230&strip=false,Zapatillas Campus ADV
149,/zapatillas-adiease/B27798.html,https://www.adidas.pe/dis/dw/image/v2/aaqx_prd/on/demandware.static/-/Sites-adidas-products/default/dwe824de68/zoom/B27798_00_plp_standard.jpg?sw=230&strip=false,Zapatillas Adiease
181,/zapatillas-vrx-cup-low/B41486.html,https://www.adidas.pe/dis/dw/image/v2/aaqx_prd/on/demandware.static/-/Sites-adidas-products/default/dw93228f95/zoom/B41486_00_plp_standard.jpg?sw=230&strip=false,Zapatillas VRX Cup Low
179,/zapatillas-vrx-cup-mid/B41482.html,https://www.adidas.pe/dis/dw/image/v2/aaqx_prd/on/demandware.static/-/Sites-adidas-products/default/dw9c5e054e/zoom/B41482_00_plp_standard.jpg?sw=230&strip=false,Zapatillas VRX Cup Mid
179,/zapatillas-samba-adv/BY3928.html,https://www.adidas.pe/dis/dw/image/v2/aaqx_prd/on/demandware.static/-/Sites-adidas-products/default/dw28b20712/zoom/BY3928_00_plp_standard.jpg?sw=230&strip=false,Zapatillas Samba ADV
223,/zapatillas-stan-smith/B41476.html,https://www.adidas.pe/dis/dw/image/v2/aaqx_prd/on/demandware.static/-/Sites-adidas-products/default/dwcace5aa0/zoom/B41476_00_plp_standard.jpg?sw=230&strip=false,Zapatillas Stan Smith
239,/zapatillas-3st.002/B22731.html,https://www.adidas.pe/dis/dw/image/v2/aaqx_prd/on/demandware.static/-/Sites-adidas-products/default/dw1bc19dcc/zoom/B22731_00_plp_standard.jpg?sw=230&strip=false,Zapatillas 3ST.002
174,/zapatillas-adiease/B27799.html,https://www.adidas.pe/dis/dw/image/v2/aaqx_prd/on/demandware.static/-/Sites-adidas-products/default/dwb44694ea/zoom/B27799_00_plp_standard.jpg?sw=230&strip=false,Zapatillas Adiease
223,/zapatillas-superstar/B37986.html,https://www.adidas.pe/dis/dw/image/v2/aaqx_prd/on/demandware.static/-/Sites-adidas-products/default/dw9f9eff06/zoom/B37986_00_plp_standard.jpg?sw=230&strip=false,Zapatillas SUPERSTAR
139,/zapatillas-kiel/B27806.html,https://www.adidas.pe/dis/dw/image/v2/aaqx_prd/on/demandware.static/-/Sites-adidas-products/default/dwe957de00/zoom/B27806_00_plp_standard.jpg?sw=230&strip=false,Zapatillas KIEL
239,/zapatillas-gazelle/B41649.html,https://www.adidas.pe/dis/dw/image/v2/aaqx_prd/on/demandware.static/-/Sites-adidas-products/default/dw3d14b4e6/zoom/B41649_00_plp_standard.jpg?sw=230&strip=false,Zapatillas Gazelle
179,/zapatillas-stan-smith/S75187.html,https://www.adidas.pe/dis/dw/image/v2/aaqx_prd/on/demandware.static/-/Sites-adidas-products/default/dw5b0b00da/zoom/S75187_00_plp_standard.jpg?sw=230&strip=false,Zapatillas Stan Smith
479,/zapatillas-nmd_cs1-pk/B37638.html,https://www.adidas.pe/dis/dw/image/v2/aaqx_prd/on/demandware.static/-/Sites-adidas-products/default/dw5fd3a159/zoom/B37638_00_plp_standard.jpg?sw=230&strip=false,Zapatillas NMD_CS1 PK
429,/zapatillas-eqt-support-sk-primeknit/B37522.html,https://www.adidas.pe/dis/dw/image/v2/aaqx_prd/on/demandware.static/-/Sites-adidas-products/default/dw17643672/zoom/B37522_00_plp_standard.jpg?sw=230&strip=false,Zapatillas EQT Support SK Primeknit
429,/zapatillas-eqt-support-sk-primeknit/AQ1032.html,https://www.adidas.pe/dis/dw/image/v2/aaqx_prd/on/demandware.static/-/Sites-adidas-products/default/dwdf9fa930/zoom/AQ1032_00_plp_standard.jpg?sw=230&strip=false,Zapatillas EQT Support SK Primeknit
299,/zapatillas-3st.002-pk/B22735.html,https://www.adidas.pe/dis/dw/image/v2/aaqx_prd/on/demandware.static/-/Sites-adidas-products/default/dw778dfa16/zoom/B22735_00_plp_standard.jpg?sw=230&strip=false,Zapatillas 3ST.002 PK
209,/zapatillas-x_plr/B37438.html,https://www.adidas.pe/dis/dw/image/v2/aaqx_prd/on/demandware.static/-/Sites-adidas-products/default/dwc48143c2/zoom/B37438_00_plp_standard.jpg?sw=230&strip=false,Zapatillas X_PLR
429,/zapatillas-eqt-support-sk-primeknit/B37523.html,https://www.adidas.pe/dis/dw/image/v2/aaqx_prd/on/demandware.static/-/Sites-adidas-products/default/dw00776ff1/zoom/B37523_00_plp_standard.jpg?sw=230&strip=false,Zapatillas EQT Support SK Primeknit
263,/zapatillas-campus-80s-ryr/BB7000.html,https://www.adidas.pe/dis/dw/image/v2/aaqx_prd/on/demandware.static/-/Sites-adidas-products/default/dw23529967/zoom/BB7000_00_plp_standard.jpg?sw=230&strip=false,Zapatillas CAMPUS 80s RYR
160,/zapatillas-adi-ease/C75611.html,https://www.adidas.pe/dis/dw/image/v2/aaqx_prd/on/demandware.static/-/Sites-adidas-products/default/dw149d93bc/zoom/C75611_00_plp_standard.jpg?sw=230&strip=false,Zapatillas adi Ease
179,/zapatillas-gazelle/BB5478.html,https://www.adidas.pe/dis/dw/image/v2/aaqx_prd/on/demandware.static/-/Sites-adidas-products/default/dw52a6dc95/zoom/BB5478_00_plp_standard.jpg?sw=230&strip=false,Zapatillas Gazelle
239,/zapatillas-continental-80/B41679.html,https://www.adidas.pe/dis/dw/image/v2/aaqx_prd/on/demandware.static/-/Sites-adidas-products/default/dw9d750a59/zoom/B41679_00_plp_standard.jpg?sw=230&strip=false,Zapatillas Continental 80
230,/zapatillas-matchcourt-high-rx/B22786.html,https://www.adidas.pe/dis/dw/image/v2/aaqx_prd/on/demandware.static/-/Sites-adidas-products/default/dwba7d338c/zoom/B22786_00_plp_standard.jpg?sw=230&strip=false,Zapatillas MATCHCOURT HIGH RX
197,/zapatillas-matchcourt-high-rx/B22785.html,https://www.adidas.pe/dis/dw/image/v2/aaqx_prd/on/demandware.static/-/Sites-adidas-products/default/dw734b013d/zoom/B22785_00_plp_standard.jpg?sw=230&strip=false,Zapatillas MATCHCOURT HIGH RX
209,/zapatillas-city-cup/B22722.html,https://www.adidas.pe/dis/dw/image/v2/aaqx_prd/on/demandware.static/-/Sites-adidas-products/default/dwfbedb279/zoom/B22722_00_plp_standard.jpg?sw=230&strip=false,Zapatillas CITY CUP
209,/zapatillas-campus/AQ1089.html,https://www.adidas.pe/dis/dw/image/v2/aaqx_prd/on/demandware.static/-/Sites-adidas-products/default/dw9b82fb4a/zoom/AQ1089_00_plp_standard.jpg?sw=230&strip=false,Zapatillas Campus
239,/zapatillas-gazelle/B41648.html,https://www.adidas.pe/dis/dw/image/v2/aaqx_prd/on/demandware.static/-/Sites-adidas-products/default/dwc214bb19/zoom/B41648_00_plp_standard.jpg?sw=230&strip=false,Zapatillas Gazelle
399,/zapatillas-samba-recon-lt/B75903.html,https://www.adidas.pe/dis/dw/image/v2/aaqx_prd/on/demandware.static/-/Sites-adidas-products/default/dwd90d81cf/zoom/B75903_00_plp_standard.jpg?sw=230&strip=false,Zapatillas Samba Recon LT
299,/zapatillas-samba-recon-lt/B75902.html,https://www.adidas.pe/dis/dw/image/v2/aaqx_prd/on/demandware.static/-/Sites-adidas-products/default/dw03dc3260/zoom/B75902_00_plp_standard.jpg?sw=230&strip=false,Zapatillas Samba Recon LT
223,/zapatillas-lucas-premiere/B22744.html,https://www.adidas.pe/dis/dw/image/v2/aaqx_prd/on/demandware.static/-/Sites-adidas-products/default/dwe80bf3bc/zoom/B22744_00_plp_standard.jpg?sw=230&strip=false,Zapatillas LUCAS PREMIERE
419,/zapatillas-nmd_r1-pk/B37627.html,https://www.adidas.pe/dis/dw/image/v2/aaqx_prd/on/demandware.static/-/Sites-adidas-products/default/dwe9eb5412/zoom/B37627_00_plp_standard.jpg?sw=230&strip=false,Zapatillas NMD_R1 PK
179,/zapatillas-campus/BZ0086.html,https://www.adidas.pe/dis/dw/image/v2/aaqx_prd/on/demandware.static/-/Sites-adidas-products/default/dwb3e7a26b/zoom/BZ0086_00_plp_standard.jpg?sw=230&strip=false,Zapatillas Campus
195,/zapatillas-matchcourt/B22784.html,https://www.adidas.pe/dis/dw/image/v2/aaqx_prd/on/demandware.static/-/Sites-adidas-products/default/dw5981924a/zoom/B22784_00_plp_standard.jpg?sw=230&strip=false,Zapatillas MATCHCOURT
230,/zapatillas-pharrell-williams-tennis-hu/B41808.html,https://www.adidas.pe/dis/dw/image/v2/aaqx_prd/on/demandware.static/-/Sites-adidas-products/default/dwed5c7064/zoom/B41808_00_plp_standard.jpg?sw=230&strip=false,Zapatillas Pharrell Williams Tennis Hu
183,/zapatillas-seeley/F37427.html,https://www.adidas.pe/dis/dw/image/v2/aaqx_prd/on/demandware.static/-/Sites-adidas-products/default/dw76ed2d13/zoom/F37427_00_plp_standard.jpg?sw=230&strip=false,Zapatillas Seeley
209,/zapatillas-city-cup/B22721.html,https://www.adidas.pe/dis/dw/image/v2/aaqx_prd/on/demandware.static/-/Sites-adidas-products/default/dw772d1904/zoom/B22721_00_plp_standard.jpg?sw=230&strip=false,Zapatillas CITY CUP
167,/zapatillas-matchcourt/B22790.html,https://www.adidas.pe/dis/dw/image/v2/aaqx_prd/on/demandware.static/-/Sites-adidas-products/default/dwa89683ef/zoom/B22790_00_plp_standard.jpg?sw=230&strip=false,Zapatillas Matchcourt
384,/zapatillas-eqt-support-mid-adv-pk/AQ1048.html,https://www.adidas.pe/dis/dw/image/v2/aaqx_prd/on/demandware.static/-/Sites-adidas-products/default/dwfdf1cc2b/zoom/AQ1048_00_plp_standard.jpg?sw=230&strip=false,Zapatillas EQT SUPPORT MID ADV PK
179,/zapatillas-vrx-cup-mid/B41479.html,https://www.adidas.pe/dis/dw/image/v2/aaqx_prd/on/demandware.static/-/Sites-adidas-products/default/dw805f77cf/zoom/B41479_00_plp_standard.jpg?sw=230&strip=false,Zapatillas VRX Cup Mid
167,/zapatillas-adiease-premiere/B41846.html,https://www.adidas.pe/dis/dw/image/v2/aaqx_prd/on/demandware.static/-/Sites-adidas-products/default/dwc5a5d274/zoom/B41846_00_plp_standard.jpg?sw=230&strip=false,Zapatillas Adiease Premiere
230,/zapatillas-superstar/B41995.html,https://www.adidas.pe/dis/dw/image/v2/aaqx_prd/on/demandware.static/-/Sites-adidas-products/default/dwe532f31b/zoom/B41995_00_plp_standard.jpg?sw=230&strip=false,Zapatillas SUPERSTAR
384,/zapatillas-eqt-support-mid-adv-pk/B37436.html,https://www.adidas.pe/dis/dw/image/v2/aaqx_prd/on/demandware.static/-/Sites-adidas-products/default/dwacd4d68e/zoom/B37436_00_plp_standard.jpg?sw=230&strip=false,Zapatillas EQT SUPPORT MID ADV PK
227,/zapatillas-3st.001/B41776.html,https://www.adidas.pe/dis/dw/image/v2/aaqx_prd/on/demandware.static/-/Sites-adidas-products/default/dw379b8154/zoom/B41776_00_plp_standard.jpg?sw=230&strip=false,Zapatillas 3ST.001
244,/zapatillas-deerupt-runner/B41758.html,https://www.adidas.pe/dis/dw/image/v2/aaqx_prd/on/demandware.static/-/Sites-adidas-products/default/dwebe47552/zoom/B41758_00_plp_standard.jpg?sw=230&strip=false,Zapatillas DEERUPT RUNNER
244,/zapatillas-deerupt-runner/B41775.html,https://www.adidas.pe/dis/dw/image/v2/aaqx_prd/on/demandware.static/-/Sites-adidas-products/default/dw66bc316d/zoom/B41775_00_plp_standard.jpg?sw=230&strip=false,Zapatillas Deerupt Runner
167,/zapatillas-stan-smith-vulc/B49618.html,https://www.adidas.pe/dis/dw/image/v2/aaqx_prd/on/demandware.static/-/Sites-adidas-products/default/dwfa8c75b3/zoom/B49618_00_plp_standard.jpg?sw=230&strip=false,Zapatillas Stan Smith Vulc
230,/zapatillas-pharrell-williams-tennis-hu/B41807.html,https://www.adidas.pe/dis/dw/image/v2/aaqx_prd/on/demandware.static/-/Sites-adidas-products/default/dw2aec0328/zoom/B41807_00_plp_standard.jpg?sw=230&strip=false,Zapatillas Pharrell Williams Tennis Hu
419,/zapatillas-nmd_r1-stlt-pk/B37636.html,https://www.adidas.pe/dis/dw/image/v2/aaqx_prd/on/demandware.static/-/Sites-adidas-products/default/dw03e1445f/zoom/B37636_00_plp_standard.jpg?sw=230&strip=false,Zapatillas NMD_R1 STLT PK
181,/zapatillas-vrx-cup-low/B41488.html,https://www.adidas.pe/dis/dw/image/v2/aaqx_prd/on/demandware.static/-/Sites-adidas-products/default/dw685d51a7/zoom/B41488_00_plp_standard.jpg?sw=230&strip=false,Zapatillas VRX Cup Low
119,/zapatillas-kiel/B27805.html,https://www.adidas.pe/dis/dw/image/v2/aaqx_prd/on/demandware.static/-/Sites-adidas-products/default/dw0897646e/zoom/B27805_00_plp_standard.jpg?sw=230&strip=false,Zapatillas KIEL
227,/zapatillas-3st.001/B41777.html,https://www.adidas.pe/dis/dw/image/v2/aaqx_prd/on/demandware.static/-/Sites-adidas-products/default/dw31f47b26/zoom/B41777_00_plp_standard.jpg?sw=230&strip=false,Zapatillas 3ST.001
209,/zapatillas-samba-og/B44628.html,https://www.adidas.pe/dis/dw/image/v2/aaqx_prd/on/demandware.static/-/Sites-adidas-products/default/dw4f1f7123/zoom/B44628_00_plp_standard.jpg?sw=230&strip=false,Zapatillas SAMBA OG
195,/zapatillas-busenitz-vulc/B22777.html,https://www.adidas.pe/dis/dw/image/v2/aaqx_prd/on/demandware.static/-/Sites-adidas-products/default/dw7e7e7f9d/zoom/B22777_00_plp_standard.jpg?sw=230&strip=false,Zapatillas Busenitz Vulc
167,/zapatillas-superstar-vulc-adv/D68718.html,https://www.adidas.pe/dis/dw/image/v2/aaqx_prd/on/demandware.static/-/Sites-adidas-products/default/dw3c82f28e/zoom/D68718_00_plp_standard.jpg?sw=230&strip=false,Zapatillas Superstar Vulc ADV
179,/zapatillas-superstar-80s/B37995.html,https://www.adidas.pe/dis/dw/image/v2/aaqx_prd/on/demandware.static/-/Sites-adidas-products/default/dwf21a4030/zoom/B37995_00_plp_standard.jpg?sw=230&strip=false,Zapatillas Superstar 80s
359,/zapatillas-nmd_r1-pk/AQ0899.html,https://www.adidas.pe/dis/dw/image/v2/aaqx_prd/on/demandware.static/-/Sites-adidas-products/default/dwd8ba8ede/zoom/AQ0899_00_plp_standard.jpg?sw=230&strip=false,Zapatillas NMD_R1 PK
149,/zapatillas-matchcourt-slip-on-adv/F37387.html,https://www.adidas.pe/dis/dw/image/v2/aaqx_prd/on/demandware.static/-/Sites-adidas-products/default/dw2769fd77/zoom/F37387_00_plp_standard.jpg?sw=230&strip=false,Zapatillas Matchcourt Slip-on ADV
179,/zapatillas-busenitz/B22769.html,https://www.adidas.pe/dis/dw/image/v2/aaqx_prd/on/demandware.static/-/Sites-adidas-products/default/dw2e7f2b14/zoom/B22769_00_plp_standard.jpg?sw=230&strip=false,Zapatillas BUSENITZ
223,/zapatillas-lucas-premiere/B22746.html,https://www.adidas.pe/dis/dw/image/v2/aaqx_prd/on/demandware.static/-/Sites-adidas-products/default/dw0dabf0d9/zoom/B22746_00_plp_standard.jpg?sw=230&strip=false,Zapatillas LUCAS PREMIERE
174,/zapatillas-adiease/B27793.html,https://www.adidas.pe/dis/dw/image/v2/aaqx_prd/on/demandware.static/-/Sites-adidas-products/default/dwb82fa134/zoom/B27793_00_plp_standard.jpg?sw=230&strip=false,Zapatillas Adiease
279,/zapatillas-deerupt-runner/B41766.html,https://www.adidas.pe/dis/dw/image/v2/aaqx_prd/on/demandware.static/-/Sites-adidas-products/default/dw6d0d2d83/zoom/B41766_00_plp_standard.jpg?sw=230&strip=false,Zapatillas DEERUPT RUNNER
179,/zapatillas-stan-smith-vulc/B22737.html,https://www.adidas.pe/dis/dw/image/v2/aaqx_prd/on/demandware.static/-/Sites-adidas-products/default/dwd4ff6d18/zoom/B22737_00_plp_standard.jpg?sw=230&strip=false,Zapatillas Stan Smith Vulc
314,/zapatillas-nmd_r1/D96616.html,https://www.adidas.pe/dis/dw/image/v2/aaqx_prd/on/demandware.static/-/Sites-adidas-products/default/dwb07bb1ea/zoom/D96616_00_plp_standard.jpg?sw=230&strip=false,Zapatillas NMD_R1
209,/zapatillas-samba-og/B44629.html,https://www.adidas.pe/dis/dw/image/v2/aaqx_prd/on/demandware.static/-/Sites-adidas-products/default/dw36d4c465/zoom/B44629_00_plp_standard.jpg?sw=230&strip=false,Zapatillas SAMBA OG
160,/zapatillas-seeley/B27788.html,https://www.adidas.pe/dis/dw/image/v2/aaqx_prd/on/demandware.static/-/Sites-adidas-products/default/dw1c1a1f82/zoom/B27788_00_plp_standard.jpg?sw=230&strip=false,Zapatillas Seeley
179,/zapatillas-busenitz-vulc-rx/B22779.html,https://www.adidas.pe/dis/dw/image/v2/aaqx_prd/on/demandware.static/-/Sites-adidas-products/default/dw17f5f627/zoom/B22779_00_plp_standard.jpg?sw=230&strip=false,Zapatillas Busenitz Vulc RX
419,/zapatillas-crazy-byw/B37480.html,https://www.adidas.pe/dis/dw/image/v2/aaqx_prd/on/demandware.static/-/Sites-adidas-products/default/dw8ae26745/zoom/B37480_00_plp_standard.jpg?sw=230&strip=false,Zapatillas Crazy BYW
227,/zapatillas-city-cup-x-numbers/B41686.html,https://www.adidas.pe/dis/dw/image/v2/aaqx_prd/on/demandware.static/-/Sites-adidas-products/default/dw832e4fc2/zoom/B41686_00_plp_standard.jpg?sw=230&strip=false,Zapatillas City Cup x Numbers
227,/zapatillas-3st.003/B27820.html,https://www.adidas.pe/dis/dw/image/v2/aaqx_prd/on/demandware.static/-/Sites-adidas-products/default/dwa943cadf/zoom/B27820_00_plp_standard.jpg?sw=230&strip=false,Zapatillas 3ST.003
174,/zapatillas-adi-ease/B27791.html,https://www.adidas.pe/dis/dw/image/v2/aaqx_prd/on/demandware.static/-/Sites-adidas-products/default/dw89c25044/zoom/B27791_00_plp_standard.jpg?sw=230&strip=false,Zapatillas ADI-EASE
269,/zapatillas-nmd_r1/D96617.html,https://www.adidas.pe/dis/dw/image/v2/aaqx_prd/on/demandware.static/-/Sites-adidas-products/default/dw83b93419/zoom/D96617_00_plp_standard.jpg?sw=230&strip=false,Zapatillas NMD_R1
197,/zapatillas-superstar/B41994.html,https://www.adidas.pe/dis/dw/image/v2/aaqx_prd/on/demandware.static/-/Sites-adidas-products/default/dwb89c8068/zoom/B41994_00_plp_standard.jpg?sw=230&strip=false,Zapatillas SUPERSTAR
269,/zapatillas-lucas-premiere-pk/B41688.html,https://www.adidas.pe/dis/dw/image/v2/aaqx_prd/on/demandware.static/-/Sites-adidas-products/default/dw29a3a53d/zoom/B41688_00_plp_standard.jpg?sw=230&strip=false,Zapatillas LUCAS PREMIERE PK
209,/zapatillas-city-cup/B22726.html,https://www.adidas.pe/dis/dw/image/v2/aaqx_prd/on/demandware.static/-/Sites-adidas-products/default/dw0ecc201c/zoom/B22726_00_plp_standard.jpg?sw=230&strip=false,Zapatillas CITY CUP
299,/zapatillas-superstar-80s-recon/B41719.html,https://www.adidas.pe/dis/dw/image/v2/aaqx_prd/on/demandware.static/-/Sites-adidas-products/default/dw5cde45f6/zoom/B41719_00_plp_standard.jpg?sw=230&strip=false,Zapatillas SUPERSTAR 80s RECON
454,/zapatillas-nmd_cs2-primeknit/D96743.html,https://www.adidas.pe/dis/dw/image/v2/aaqx_prd/on/demandware.static/-/Sites-adidas-products/default/dwc3541c46/zoom/D96743_00_plp_standard.jpg?sw=230&strip=false,Zapatillas NMD_CS2 Primeknit
209,/zapatillas-n-5923/B37958.html,https://www.adidas.pe/dis/dw/image/v2/aaqx_prd/on/demandware.static/-/Sites-adidas-products/default/dw0774311a/zoom/B37958_00_plp_standard.jpg?sw=230&strip=false,Zapatillas N-5923
209,/zapatillas-busenitz-pro/B22767.html,https://www.adidas.pe/dis/dw/image/v2/aaqx_prd/on/demandware.static/-/Sites-adidas-products/default/dw364c647a/zoom/B22767_00_plp_standard.jpg?sw=230&strip=false,Zapatillas Busenitz Pro
279,/zapatillas-eqt-bask-adv/B37514.html,https://www.adidas.pe/dis/dw/image/v2/aaqx_prd/on/demandware.static/-/Sites-adidas-products/default/dwae434a61/zoom/B37514_00_plp_standard.jpg?sw=230&strip=false,Zapatillas EQT BASK ADV
167,/zapatillas-matchcourt/B22789.html,https://www.adidas.pe/dis/dw/image/v2/aaqx_prd/on/demandware.static/-/Sites-adidas-products/default/dw6bd98eaa/zoom/B22789_00_plp_standard.jpg?sw=230&strip=false,Zapatillas Matchcourt
279,/zapatillas-deerupt-runner/B41759.html,https://www.adidas.pe/dis/dw/image/v2/aaqx_prd/on/demandware.static/-/Sites-adidas-products/default/dw7a28e89a/zoom/B41759_00_plp_standard.jpg?sw=230&strip=false,Zapatillas DEERUPT RUNNER
239,/zapatillas-n-5923/B37959.html,https://www.adidas.pe/dis/dw/image/v2/aaqx_prd/on/demandware.static/-/Sites-adidas-products/default/dw5b5b5fc1/zoom/B37959_00_plp_standard.jpg?sw=230&strip=false,Zapatillas N-5923
314,/zapatillas-nmd_r1/B37620.html,https://www.adidas.pe/dis/dw/image/v2/aaqx_prd/on/demandware.static/-/Sites-adidas-products/default/dw2e42490e/zoom/B37620_00_plp_standard.jpg?sw=230&strip=false,Zapatillas NMD_R1
209,/zapatillas-stan-smith/B37921.html,https://www.adidas.pe/dis/dw/image/v2/aaqx_prd/on/demandware.static/-/Sites-adidas-products/default/dw7e7afd1d/zoom/B37921_00_plp_standard.jpg?sw=230&strip=false,Zapatillas Stan Smith
181,/zapatillas-forest-grove/AQ1186.html,https://www.adidas.pe/dis/dw/image/v2/aaqx_prd/on/demandware.static/-/Sites-adidas-products/default/dw806e96ec/zoom/AQ1186_00_plp_standard.jpg?sw=230&strip=false,Zapatillas Forest Grove
181,/zapatillas-seeley/B27785.html,https://www.adidas.pe/dis/dw/image/v2/aaqx_prd/on/demandware.static/-/Sites-adidas-products/default/dw53594e21/zoom/B27785_00_plp_standard.jpg?sw=230&strip=false,Zapatillas SEELEY
179,/zapatillas-campus-vulc-ii/CQ1079.html,https://www.adidas.pe/dis/dw/image/v2/aaqx_prd/on/demandware.static/-/Sites-adidas-products/default/dw1d2097f1/zoom/CQ1079_00_plp_standard.jpg?sw=230&strip=false,Zapatillas CAMPUS VULC II
269,/zapatillas-lucas-premiere-pk/B22753.html,https://www.adidas.pe/dis/dw/image/v2/aaqx_prd/on/demandware.static/-/Sites-adidas-products/default/dw81275831/zoom/B22753_00_plp_standard.jpg?sw=230&strip=false,Zapatillas LUCAS PREMIERE PK
209,/zapatillas-n-5923/B37957.html,https://www.adidas.pe/dis/dw/image/v2/aaqx_prd/on/demandware.static/-/Sites-adidas-products/default/dw193ffdf0/zoom/B37957_00_plp_standard.jpg?sw=230&strip=false,Zapatillas N-5923
179,/zapatillas-campus/BZ0087.html,https://www.adidas.pe/dis/dw/image/v2/aaqx_prd/on/demandware.static/-/Sites-adidas-products/default/dw041ec5c5/zoom/BZ0087_00_plp_standard.jpg?sw=230&strip=false,Zapatillas Campus
119,/zapatillas-kiel/B27808.html,https://www.adidas.pe/dis/dw/image/v2/aaqx_prd/on/demandware.static/-/Sites-adidas-products/default/dwa7f0b5c7/zoom/B27808_00_plp_standard.jpg?sw=230&strip=false,Zapatillas KIEL
314,/zapatillas-nmd_r1/B42199.html,https://www.adidas.pe/dis/dw/image/v2/aaqx_prd/on/demandware.static/-/Sites-adidas-products/default/dwc6dd2369/zoom/B42199_00_plp_standard.jpg?sw=230&strip=false,Zapatillas NMD_R1
454,/zapatillas-nmd_cs2-primeknit/D96744.html,https://www.adidas.pe/dis/dw/image/v2/aaqx_prd/on/demandware.static/-/Sites-adidas-products/default/dw75d40c07/zoom/D96744_00_plp_standard.jpg?sw=230&strip=false,Zapatillas NMD_CS2 Primeknit
209,/zapatillas-vrx-cup-mid/B41483.html,https://www.adidas.pe/dis/dw/image/v2/aaqx_prd/on/demandware.static/-/Sites-adidas-products/default/dwe8ea4a3b/zoom/B41483_00_plp_standard.jpg?sw=230&strip=false,Zapatillas VRX Cup Mid
223,/zapatillas-stan-smith/B41477.html,https://www.adidas.pe/dis/dw/image/v2/aaqx_prd/on/demandware.static/-/Sites-adidas-products/default/dw2523cb0f/zoom/B41477_00_plp_standard.jpg?sw=230&strip=false,Zapatillas Stan Smith
263,/zapatillas-superstar/B37984.html,https://www.adidas.pe/dis/dw/image/v2/aaqx_prd/on/demandware.static/-/Sites-adidas-products/default/dw77dd0101/zoom/B37984_00_plp_standard.jpg?sw=230&strip=false,Zapatillas SUPERSTAR
174,/zapatillas-adi-ease/B27792.html,https://www.adidas.pe/dis/dw/image/v2/aaqx_prd/on/demandware.static/-/Sites-adidas-products/default/dwee5f578a/zoom/B27792_00_plp_standard.jpg?sw=230&strip=false,Zapatillas ADI-EASE
300,/zapatillas-i-5923/B37947.html,https://www.adidas.pe/dis/dw/image/v2/aaqx_prd/on/demandware.static/-/Sites-adidas-products/default/dw0baf4013/zoom/B37947_00_plp_standard.jpg?sw=230&strip=false,Zapatillas I-5923
279,/zapatillas-deerupt-runner/B41765.html,https://www.adidas.pe/dis/dw/image/v2/aaqx_prd/on/demandware.static/-/Sites-adidas-products/default/dw59708760/zoom/B41765_00_plp_standard.jpg?sw=230&strip=false,Zapatillas DEERUPT RUNNER
209,/zapatillas-samba-og/B42067.html,https://www.adidas.pe/dis/dw/image/v2/aaqx_prd/on/demandware.static/-/Sites-adidas-products/default/dw8def3abb/zoom/B42067_00_plp_standard.jpg?sw=230&strip=false,Zapatillas SAMBA OG
343,/zapatillas-samba-sock-primeknit/CQ2218.html,https://www.adidas.pe/dis/dw/image/v2/aaqx_prd/on/demandware.static/-/Sites-adidas-products/default/dwa095e552/zoom/CQ2218_00_plp_standard.jpg?sw=230&strip=false,Zapatillas Samba Sock Primeknit
349,/zapatillas-stan-smith-recon/AQ0868.html,https://www.adidas.pe/dis/dw/image/v2/aaqx_prd/on/demandware.static/-/Sites-adidas-products/default/dw4c6d71dc/zoom/AQ0868_00_plp_standard.jpg?sw=230&strip=false,Zapatillas Stan Smith Recon
263,/zapatillas-superstar/B37985.html,https://www.adidas.pe/dis/dw/image/v2/aaqx_prd/on/demandware.static/-/Sites-adidas-products/default/dwe6aabaf1/zoom/B37985_00_plp_standard.jpg?sw=230&strip=false,Zapatillas SUPERSTAR
499,/zapatillas-kamanda-01-dragon-ball-z/D97055.html,https://www.adidas.pe/dis/dw/image/v2/aaqx_prd/on/demandware.static/-/Sites-adidas-products/default/dwfebbf58e/zoom/D97055_00_plp_standard.jpg?sw=230&strip=false,Zapatillas Kamanda 01 Dragon Ball Z
549,/zapatillas-ultra-tech-dragon-ball-z-dragon-ball-z/D97054.html,https://www.adidas.pe/dis/dw/image/v2/aaqx_prd/on/demandware.static/-/Sites-adidas-products/default/dw3cda3e3f/zoom/D97054_00_plp_standard.jpg?sw=230&strip=false,Zapatillas Ultra Tech Dragon Ball Z Dragon Ball Z
